timestamp,open,high,low,close,volume,trade_count,vwap
2015-12-01 05:00:00+00:00,55.74,56.08,55.74,56.04,760489,5429,55.920109
2015-12-02 05:00:00+00:00,55.7,55.81,55.26,55.43,1395330,10725,55.55735
2015-12-03 05:00:00+00:00,55.55,55.55,54.76,54.965,1378622,8959,55.039178
2015-12-04 05:00:00+00:00,54.94,55.76,54.79,55.66,2852291,11294,55.324276
2015-12-07 05:00:00+00:00,55.18,55.18,54.72,54.92,878407,7025,54.887017
2015-12-08 05:00:00+00:00,53.89,54.31,53.685,54.28,1758965,11667,54.090709
2015-12-09 05:00:00+00:00,53.86,54.41,53.66,53.92,2038503,12223,53.948478
2015-12-10 05:00:00+00:00,53.95,54.18,53.755,53.8,1666061,9633,53.970607
2015-12-11 05:00:00+00:00,52.85,52.93,52.51,52.56,998602,6755,52.682173
2015-12-14 05:00:00+00:00,52.88,53.14,52.4675,53.1,1601267,9680,52.770726
2015-12-15 05:00:00+00:00,53.59,54.02,53.59,53.79,1494111,9030,53.884434
2015-12-16 05:00:00+00:00,54.24,55.02,54.07,54.8,1173626,8374,54.467252
2015-12-17 05:00:00+00:00,54.78,54.78,54.08,54.09,785603,5440,54.358551
2015-12-18 05:00:00+00:00,54.24,54.36,54.01,54.07,732506,5545,54.191396
2015-12-21 05:00:00+00:00,53.97,54.0,53.34,53.67,2355220,8017,53.577554
2015-12-22 05:00:00+00:00,53.83,54.05,53.65,53.94,1684078,5727,53.871185
2015-12-23 05:00:00+00:00,54.27,54.7,54.27,54.63,932408,5174,54.512237
2015-12-24 05:00:00+00:00,55.52,55.52,53.97,54.48,381108,2448,54.518071
2015-12-28 05:00:00+00:00,54.01,54.11,53.75,54.01,1706288,5431,53.865344
2015-12-29 05:00:00+00:00,54.27,54.27,54.03,54.14,697798,4857,54.132888
2015-12-30 05:00:00+00:00,53.69,53.8,53.55,53.56,893236,5907,53.708295
2015-12-31 05:00:00+00:00,53.53,53.75,53.39,53.41,464207,3085,53.577983
2016-01-04 05:00:00+00:00,51.96,51.99,51.5,51.85,1926569,12641,51.771038
2016-01-05 05:00:00+00:00,52.05,52.19,51.86,51.95,1571554,7187,52.019331
2016-01-06 05:00:00+00:00,51.02,51.27,50.81,50.94,1022506,5671,50.969339
2016-01-07 05:00:00+00:00,49.68,50.46,49.52,49.52,964165,7623,49.926945
2016-01-08 05:00:00+00:00,49.97,49.97,49.08,49.11,4737400,17344,49.420416
2016-01-11 05:00:00+00:00,49.33,49.49,48.74,49.14,1787522,10147,49.095405
2016-01-12 05:00:00+00:00,49.42,49.59,48.94,49.26,803321,5645,49.294024
2016-01-13 05:00:00+00:00,49.63,49.76,48.57,48.69,1176303,5923,49.165203
2016-01-14 05:00:00+00:00,48.78,49.39,48.38,49.25,1585906,6643,48.775279
2016-01-15 05:00:00+00:00,47.55,47.665,46.83,47.37,1154502,7608,47.321585
2016-01-19 05:00:00+00:00,48.67,48.76,47.93,48.28,762128,5314,48.346989
2016-01-20 05:00:00+00:00,46.84,47.42,46.14,47.06,2594136,12977,46.695498
2016-01-21 05:00:00+00:00,47.01,47.83,46.8,47.32,1187918,8387,47.372316
2016-01-22 05:00:00+00:00,48.56,48.67,48.27,48.61,1215718,9040,48.461095
2016-01-25 05:00:00+00:00,48.51,48.59,47.93,47.99,1546292,12149,48.335314
2016-01-26 05:00:00+00:00,48.06,48.58,48.06,48.47,852820,5834,48.402481
2016-01-27 05:00:00+00:00,48.31,48.73,47.78,48.01,1212998,8424,48.239044
2016-01-28 05:00:00+00:00,48.63,48.825,48.12,48.37,1727590,11731,48.412561
2016-01-29 05:00:00+00:00,49.18,49.79,49.16,49.75,1720305,10738,49.498065
2016-02-01 05:00:00+00:00,49.13,49.42,48.92,49.3,1296137,8525,49.149974
2016-02-02 05:00:00+00:00,48.69,48.75,47.94,48.09,1015978,6827,48.263566
2016-02-03 05:00:00+00:00,48.31,48.89,47.5,48.87,2164332,13699,48.368675
2016-02-04 05:00:00+00:00,49.11,49.59,48.785,49.04,1453017,10211,49.11776
2016-02-05 05:00:00+00:00,49.09,49.23,48.46,48.65,922888,6749,48.77955
2016-02-08 05:00:00+00:00,48.09,48.23,47.48,48.02,1332264,7727,47.820831
2016-02-09 05:00:00+00:00,47.37,48.0,47.09,47.53,1144329,9022,47.488677
2016-02-10 05:00:00+00:00,48.13,48.58,47.7,47.76,723800,5743,48.137373
2016-02-11 05:00:00+00:00,46.96,47.36,46.74,47.06,957424,7303,47.007069
2016-02-12 05:00:00+00:00,47.36,47.8,47.16,47.79,747651,5774,47.462373
2016-02-16 05:00:00+00:00,48.58,48.95,48.51,48.91,1871723,6578,48.79739
2016-02-17 05:00:00+00:00,49.13,49.63,49.05,49.59,632261,5181,49.459383
2016-02-18 05:00:00+00:00,49.61,49.679,49.16,49.21,857223,5247,49.368038
2016-02-19 05:00:00+00:00,49.11,49.39,48.96,49.15,460535,3451,49.17874
2016-02-22 05:00:00+00:00,49.86,50.23,49.74,50.21,890760,4825,50.032988
2016-02-23 05:00:00+00:00,49.65,49.69,49.21,49.24,396849,3033,49.39672
2016-02-24 05:00:00+00:00,48.58,49.3,48.32,49.15,579232,4171,48.745636
2016-02-25 05:00:00+00:00,48.89,49.3,48.67,49.28,521186,3216,49.059981
2016-02-26 05:00:00+00:00,49.54,49.66,49.05,49.09,371239,3037,49.292395
2016-02-29 05:00:00+00:00,49.36,49.72,49.29,49.31,1830305,7201,49.622008
2016-03-01 05:00:00+00:00,50.18,50.9,50.11,50.85,776798,5402,50.547197
2016-03-02 05:00:00+00:00,50.96,51.54,50.93,51.5,736093,4990,51.179921
2016-03-03 05:00:00+00:00,51.55,51.92,51.5099,51.85,478026,3799,51.755736
2016-03-04 05:00:00+00:00,52.21,53.04,52.12,52.91,590173,4961,52.73246
2016-03-07 05:00:00+00:00,52.14,52.73,52.11,52.52,718105,6276,52.4591
2016-03-08 05:00:00+00:00,51.83,51.9,51.5,51.54,614277,5070,51.66167
2016-03-09 05:00:00+00:00,51.87,52.14,51.77,51.84,838750,6717,51.912395
2016-03-10 05:00:00+00:00,52.18,52.3,51.32,51.79,1268066,7639,51.637045
2016-03-11 05:00:00+00:00,52.62,53.11,52.51,53.08,787083,4416,52.941637
2016-03-14 04:00:00+00:00,52.88,53.09,52.77,52.92,441752,2856,52.965132
2016-03-15 04:00:00+00:00,52.34,52.5,52.16,52.48,378618,2854,52.335062
2016-03-16 04:00:00+00:00,52.19,53.435,52.09,53.34,2481952,8150,52.447728
2016-03-17 04:00:00+00:00,53.45,54.08,53.24,54.04,1123477,6854,53.734763
2016-03-18 04:00:00+00:00,54.18,54.52,54.18,54.32,628432,3814,54.376838
2016-03-21 04:00:00+00:00,54.27,54.465,54.19,54.38,442153,4119,54.356353
2016-03-22 04:00:00+00:00,54.09,54.44,54.02,54.25,377667,2928,54.276836
2016-03-23 04:00:00+00:00,54.0,54.0,53.51,53.55,405899,3350,53.673814
2016-03-24 04:00:00+00:00,53.18,53.46,53.01,53.46,667459,4519,53.206454
2016-03-28 04:00:00+00:00,53.3,53.47,53.28,53.45,278225,2302,53.396614
2016-03-29 04:00:00+00:00,53.29,54.12,53.19,54.12,341456,2955,53.679784
2016-03-30 04:00:00+00:00,54.9,55.2,54.85,54.85,1050044,7332,54.987687
2016-03-31 04:00:00+00:00,54.91,54.99,54.58,54.63,583107,3865,54.779355
2016-04-01 04:00:00+00:00,53.57,54.42,53.4,54.31,889035,5827,54.044282
2016-04-04 04:00:00+00:00,54.34,54.35,53.86,53.93,1810583,9960,54.131803
2016-04-05 04:00:00+00:00,53.25,53.2678,52.84,52.9,1358278,7794,53.028378
2016-04-06 04:00:00+00:00,53.02,53.66,52.88,53.64,476042,3762,53.256597
2016-04-07 04:00:00+00:00,53.08,53.15,52.595,52.69,949291,6898,52.857231
2016-04-08 04:00:00+00:00,53.6,53.73,53.22,53.35,1186347,8691,53.444194
2016-04-11 04:00:00+00:00,53.97,54.19,53.815,53.83,548403,4097,54.010721
2016-04-12 04:00:00+00:00,53.99,54.6325,53.83,54.46,473172,4105,54.329285
2016-04-13 04:00:00+00:00,55.4,55.57,55.28,55.56,723991,5707,55.444447
2016-04-14 04:00:00+00:00,55.5,55.5,55.29,55.41,1755420,10832,55.399748
2016-04-15 04:00:00+00:00,55.38,55.38,55.075,55.1,526795,3013,55.210213
2016-04-18 04:00:00+00:00,54.98,55.57,54.98,55.46,401316,3046,55.346065
2016-04-19 04:00:00+00:00,55.78,56.135,55.69,56.07,566918,4189,56.003335
2016-04-20 04:00:00+00:00,55.42,55.82,55.27,55.55,396262,2959,55.572801
2016-04-21 04:00:00+00:00,55.53,55.6,55.09,55.17,548352,4230,55.255629
2016-04-22 04:00:00+00:00,55.03,55.37,54.84,54.95,602819,3827,55.029123
2016-04-25 04:00:00+00:00,54.87,54.89,54.625,54.72,909490,4983,54.782121
2016-04-26 04:00:00+00:00,54.96,55.08,54.835,55.04,268862,2119,54.95479
2016-04-27 04:00:00+00:00,54.75,55.37,54.71,55.23,1009283,6963,54.998821
2016-04-28 04:00:00+00:00,54.57,55.01,54.51,54.58,1445365,9403,54.794472
2016-04-29 04:00:00+00:00,54.25,54.26,53.6367,54.01,831356,6145,53.91291
2016-05-02 04:00:00+00:00,54.04,54.1561,53.77,54.07,563069,4513,53.920765
2016-05-03 04:00:00+00:00,53.25,53.37,52.795,52.83,768534,5650,52.977482
2016-05-04 04:00:00+00:00,52.63,52.665,52.1,52.17,742578,4644,52.319298
2016-05-05 04:00:00+00:00,52.6,52.66,52.14,52.29,1051504,5973,52.431739
2016-05-06 04:00:00+00:00,52.01,52.3,51.9,52.12,1573016,3995,52.10917
2016-05-09 04:00:00+00:00,52.13,52.13,51.64,51.68,513072,3404,51.814875
2016-05-10 04:00:00+00:00,52.09,52.53,52.09,52.51,672384,3613,52.374845
2016-05-11 04:00:00+00:00,52.25,52.44,52.09,52.09,412036,2683,52.274753
2016-05-12 04:00:00+00:00,52.33,52.391,51.85,51.92,503473,3741,52.06375
2016-05-13 04:00:00+00:00,51.55,51.75,51.115,51.21,893316,5551,51.348
2016-05-16 04:00:00+00:00,51.69,52.06,51.69,51.91,380245,2724,51.943456
2016-05-17 04:00:00+00:00,51.9,52.05,51.57,51.71,434993,3102,51.859054
2016-05-18 04:00:00+00:00,51.49,51.92,51.09,51.36,661477,5322,51.487748
2016-05-19 04:00:00+00:00,50.53,51.04,50.53,50.87,850137,6512,50.821177
2016-05-20 04:00:00+00:00,51.35,51.48,51.27,51.33,1889729,9589,51.379718
2016-05-23 04:00:00+00:00,51.43,51.68,51.37,51.39,775655,4408,51.627837
2016-05-24 04:00:00+00:00,51.52,51.97,51.5,51.88,404794,2984,51.819043
2016-05-25 04:00:00+00:00,52.36,52.69,52.36,52.55,515540,4165,52.570301
2016-05-26 04:00:00+00:00,52.75,52.82,52.5606,52.67,958413,3103,52.598765
2016-05-27 04:00:00+00:00,52.98,53.17,52.79,52.89,461818,3681,52.992776
2016-05-31 04:00:00+00:00,53.21,53.45,53.05,53.31,661225,4921,53.268517
2016-06-01 04:00:00+00:00,53.21,53.31,53.04,53.19,392267,3685,53.192257
2016-06-02 04:00:00+00:00,53.24,53.64,53.22,53.62,507084,3936,53.470105
2016-06-03 04:00:00+00:00,54.06,54.16,53.71,54.08,566357,4224,53.975874
2016-06-06 04:00:00+00:00,54.3,54.82,54.295,54.7,814212,5140,54.625207
2016-06-07 04:00:00+00:00,55.01,55.21,55.01,55.11,593320,4511,55.126293
2016-06-08 04:00:00+00:00,55.25,55.38,55.14,55.26,592774,3852,55.223793
2016-06-09 04:00:00+00:00,54.66,54.84,54.6,54.78,520073,3238,54.716202
2016-06-10 04:00:00+00:00,53.99,54.02,53.54,53.73,813608,4882,53.78315
2016-06-13 04:00:00+00:00,53.0,53.32,52.835,52.88,816431,5794,53.050587
2016-06-14 04:00:00+00:00,52.79,53.015,52.515,52.9,1168133,6828,52.726754
2016-06-15 04:00:00+00:00,53.35,53.78,53.26,53.32,739899,5613,53.469314
2016-06-16 04:00:00+00:00,52.59,53.22,52.22,53.17,1035698,7041,52.705392
2016-06-17 04:00:00+00:00,53.12,53.17,52.73,53.06,643071,4143,52.963579
2016-06-20 04:00:00+00:00,53.9,54.17,53.79,53.84,415351,2975,53.970484
2016-06-21 04:00:00+00:00,54.01,54.33,53.84,54.15,630672,4057,54.092343
2016-06-22 04:00:00+00:00,54.16,54.38,53.98,53.99,952925,6701,54.159058
2016-06-23 04:00:00+00:00,54.56,55.08,54.44,55.05,1001098,6691,54.776054
2016-06-24 04:00:00+00:00,52.49,53.36,52.06,52.29,2196236,13304,52.491628
2016-06-27 04:00:00+00:00,52.18,52.18,51.21,51.74,1162373,8416,51.587464
2016-06-28 04:00:00+00:00,52.96,53.09,52.625,53.06,874874,5993,52.885915
2016-06-29 04:00:00+00:00,53.89,54.17,53.89,54.06,674179,4104,54.060191
2016-06-30 04:00:00+00:00,54.41,54.79,54.225,54.68,666658,5237,54.550601
2016-07-01 04:00:00+00:00,55.2,55.29,55.02,55.12,489962,3677,55.156705
2016-07-05 04:00:00+00:00,54.5,54.6,54.25,54.4,1530916,9143,54.379593
2016-07-06 04:00:00+00:00,53.65,54.23,53.42,54.23,660368,4668,53.928386
2016-07-07 04:00:00+00:00,54.35,54.5999,54.03,54.21,495304,3769,54.23904
2016-07-08 04:00:00+00:00,54.58,55.06,54.51,54.99,644357,4278,54.90839
2016-07-11 04:00:00+00:00,55.25,55.7,55.25,55.49,1550004,6151,55.530937
2016-07-12 04:00:00+00:00,56.05,56.385,56.01,56.25,947001,5790,56.215563
2016-07-13 04:00:00+00:00,56.23,56.26,55.925,56.19,687988,4786,56.11032
2016-07-14 04:00:00+00:00,56.68,56.95,56.58,56.8,557057,4067,56.844926
2016-07-15 04:00:00+00:00,56.91,56.91,56.58,56.72,554756,3611,56.70457
2016-07-18 04:00:00+00:00,56.63,57.13,56.63,57.1,221229,1519,56.949611
2016-07-19 04:00:00+00:00,56.77,56.8,56.49,56.58,639217,4066,56.638878
2016-07-20 04:00:00+00:00,56.91,57.0599,56.7599,57.0,784167,2895,56.904513
2016-07-21 04:00:00+00:00,56.96,57.135,56.815,56.92,1433369,5210,57.041475
2016-07-22 04:00:00+00:00,57.12,57.29,57.0,57.24,522454,3486,57.173249
2016-07-25 04:00:00+00:00,56.99,57.11,56.77,56.82,429433,2918,56.830526
2016-07-26 04:00:00+00:00,57.2,57.47,57.15,57.38,427545,3233,57.333208
2016-07-27 04:00:00+00:00,57.52,57.68,57.12,57.51,1103989,8106,57.473748
2016-07-28 04:00:00+00:00,57.59,57.62,57.35,57.56,504672,3235,57.497179
2016-07-29 04:00:00+00:00,57.41,57.705,57.245,57.64,1096817,6009,57.545169
2016-08-01 04:00:00+00:00,57.99,57.99,57.62,57.67,938828,6458,57.769432
2016-08-02 04:00:00+00:00,57.52,57.65,57.019,57.36,571254,3832,57.27941
2016-08-03 04:00:00+00:00,56.88,57.36,56.811,57.34,1086274,6341,57.159923
2016-08-04 04:00:00+00:00,57.43,57.6286,57.256,57.43,503279,3379,57.4601
2016-08-05 04:00:00+00:00,58.0,58.28,57.89,58.24,475972,3167,58.151347
2016-08-08 04:00:00+00:00,58.58,58.69,58.52,58.54,1041337,4540,58.529048
2016-08-09 04:00:00+00:00,58.82,59.1,58.755,58.91,445779,3197,58.944424
2016-08-10 04:00:00+00:00,59.04,59.08,58.75,58.92,508012,3028,58.879414
2016-08-11 04:00:00+00:00,59.03,59.59,59.03,59.54,733157,4245,59.407372
2016-08-12 04:00:00+00:00,59.33,59.46,59.22,59.43,1214073,3991,59.378917
2016-08-15 04:00:00+00:00,59.68,60.07,59.68,60.02,3588813,9554,60.008445
2016-08-16 04:00:00+00:00,59.84,59.84,59.53,59.7,3277343,12028,59.67137
2016-08-17 04:00:00+00:00,59.24,59.455,58.86,59.38,1700675,8639,59.17711
2016-08-18 04:00:00+00:00,59.65,59.87,59.53,59.85,669405,4340,59.75494
2016-08-19 04:00:00+00:00,59.26,59.54,59.03,59.47,506679,2732,59.368748
2016-08-22 04:00:00+00:00,59.05,59.05,58.72,58.86,708838,4119,58.867141
2016-08-23 04:00:00+00:00,59.38,59.48,58.99,58.99,529240,3514,59.299591
2016-08-24 04:00:00+00:00,58.89,59.11,58.83,59.02,687057,4770,59.016264
2016-08-25 04:00:00+00:00,58.98,59.155,58.9,59.13,646528,4702,59.05903
2016-08-26 04:00:00+00:00,59.18,59.74,58.38,58.75,1832882,12910,59.02724
2016-08-29 04:00:00+00:00,58.82,59.13,58.76,59.04,519746,2831,58.994612
2016-08-30 04:00:00+00:00,59.23,59.44,59.03,59.12,425701,2829,59.185408
2016-08-31 04:00:00+00:00,58.94,58.94,58.53,58.68,641404,4481,58.721984
2016-09-01 04:00:00+00:00,58.95,59.06,58.69,59.04,645357,4792,58.883977
2016-09-02 04:00:00+00:00,59.66,59.8757,59.54,59.82,1455171,7988,59.722314
2016-09-06 04:00:00+00:00,60.66,61.13,60.63,61.02,2174471,11458,60.877202
2016-09-07 04:00:00+00:00,61.08,61.22,60.92,61.12,1400854,5966,61.051963
2016-09-08 04:00:00+00:00,61.09,61.23,60.89,61.0,996080,6635,61.038592
2016-09-09 04:00:00+00:00,60.26,60.26,59.34,59.34,984714,7683,59.772309
2016-09-12 04:00:00+00:00,58.6,59.77,58.43,59.58,1103065,9053,59.214678
2016-09-13 04:00:00+00:00,58.76,58.9,58.04,58.32,1685997,15013,58.376234
2016-09-14 04:00:00+00:00,58.56,59.09,58.55,58.61,1051415,6971,58.822804
2016-09-15 04:00:00+00:00,58.95,59.71,58.76,59.64,2045952,9811,59.494618
2016-09-16 04:00:00+00:00,59.28,59.35,58.81,59.22,1003679,6647,59.175125
2016-09-19 04:00:00+00:00,59.9,60.09,59.61,59.69,803578,5152,59.841678
2016-09-20 04:00:00+00:00,60.05,60.1058,59.71,59.72,1337591,7600,59.872565
2016-09-21 04:00:00+00:00,60.26,61.245,60.14,61.21,2175098,10712,60.783146
2016-09-22 04:00:00+00:00,61.4,61.63,61.29,61.43,2209590,12097,61.446127
2016-09-23 04:00:00+00:00,60.92,61.0,60.61,60.61,920399,7101,60.787747
2016-09-26 04:00:00+00:00,60.1,60.21,59.855,59.87,663591,4241,60.005312
2016-09-27 04:00:00+00:00,60.28,60.7,60.15,60.7,1063164,6680,60.443413
2016-09-28 04:00:00+00:00,60.74,61.13,60.33,61.1,1027764,8241,60.767806
2016-09-29 04:00:00+00:00,60.78,60.94,60.08,60.21,891733,6498,60.458162
2016-09-30 04:00:00+00:00,60.32,60.67,60.19,60.52,936745,5960,60.485018
2016-10-03 04:00:00+00:00,60.42,60.855,60.37,60.84,1464530,7924,60.656263
2016-10-04 04:00:00+00:00,60.83,60.945,60.09,60.19,1349876,10265,60.503328
2016-10-05 04:00:00+00:00,60.82,61.09,60.7,61.04,719208,4051,60.951134
2016-10-06 04:00:00+00:00,60.77,61.1,60.62,61.1,578375,4158,60.896509
2016-10-07 04:00:00+00:00,60.94,61.04,60.37,60.75,909007,6496,60.734645
2016-10-10 04:00:00+00:00,60.95,61.37,60.95,61.22,525380,2748,61.262238
2016-10-11 04:00:00+00:00,59.98,60.045,59.38,59.62,1634890,8985,59.67656
2016-10-12 04:00:00+00:00,59.51,59.77,59.4,59.63,698257,4472,59.608828
2016-10-13 04:00:00+00:00,58.75,59.22,58.41,59.06,654326,4177,58.808547
2016-10-14 04:00:00+00:00,59.6,59.635,59.0999,59.13,1249119,5487,59.385135
2016-10-17 04:00:00+00:00,59.0,59.16,58.91,59.0,401685,2705,59.038416
2016-10-18 04:00:00+00:00,60.01,60.05,59.79,59.92,386129,2316,59.914901
2016-10-19 04:00:00+00:00,60.02,60.27,59.94,60.2,2149208,5942,59.868016
2016-10-20 04:00:00+00:00,59.94,60.18,59.79,59.93,478008,3516,59.987182
2016-10-21 04:00:00+00:00,59.6,59.93,59.56,59.86,192139,1517,59.781305
2016-10-24 04:00:00+00:00,60.24,60.385,60.06,60.23,678738,4017,60.201302
2016-10-25 04:00:00+00:00,60.24,60.31,60.07,60.18,315024,2259,60.193221
2016-10-26 04:00:00+00:00,59.68,59.86,59.5,59.63,306363,1774,59.645447
2016-10-27 04:00:00+00:00,59.51,59.555,59.08,59.12,1381326,6396,59.279601
2016-10-28 04:00:00+00:00,59.17,59.33,58.69,58.86,804458,5833,59.026424
2016-10-31 04:00:00+00:00,58.84,59.1,58.82,58.92,1516841,3887,58.894586
2016-11-01 04:00:00+00:00,59.24,59.29,58.41,58.78,681985,3995,58.889294
2016-11-02 04:00:00+00:00,58.73,58.73,58.05,58.28,2284507,14063,58.373555
2016-11-03 04:00:00+00:00,58.31,58.36,57.95,58.12,657275,4059,58.183017
2016-11-04 04:00:00+00:00,57.85,57.93,57.59,57.64,607312,4532,57.771504
2016-11-07 05:00:00+00:00,58.74,59.135,58.62,59.11,458237,2892,58.95152
2016-11-08 05:00:00+00:00,58.8,59.64,58.77,59.39,602515,4598,59.314239
2016-11-09 05:00:00+00:00,57.81,58.4,57.64,57.72,1971391,6434,57.82866
2016-11-10 05:00:00+00:00,57.75,57.81,56.54,56.72,3279504,19067,56.857953
2016-11-11 05:00:00+00:00,55.81,56.05,55.28,55.73,2637472,16089,55.598292
2016-11-14 05:00:00+00:00,55.29,55.63,54.97,55.29,2149838,12440,55.335207
2016-11-15 05:00:00+00:00,55.6,56.15,55.56,56.15,2057722,11366,55.960997
2016-11-16 05:00:00+00:00,55.65,55.71,55.4,55.6,1924129,8375,55.581938
2016-11-17 05:00:00+00:00,55.82,56.12,55.78,55.84,2473054,9469,55.943462
2016-11-18 05:00:00+00:00,55.95,56.01,55.63,55.75,849620,5245,55.792686
2016-11-21 05:00:00+00:00,55.88,56.08,55.78,55.91,568004,4040,55.893227
2016-11-22 05:00:00+00:00,56.52,56.59,56.285,56.53,1004277,6293,56.450768
2016-11-23 05:00:00+00:00,56.12,56.26,56.0,56.23,604362,2903,56.161184
2016-11-25 05:00:00+00:00,56.64,56.72,56.53,56.56,290746,1538,56.575343
2016-11-28 05:00:00+00:00,56.75,56.91,56.65,56.7,754039,4085,56.784273
2016-11-29 05:00:00+00:00,56.65,57.04,56.59,56.91,343716,2258,56.881139
2016-11-30 05:00:00+00:00,57.2,57.26,57.02,57.08,823625,4735,57.131176
2016-12-01 05:00:00+00:00,57.08,57.13,56.72,56.86,1278611,7222,56.890805
2016-12-02 05:00:00+00:00,56.62,56.85,56.5,56.62,669123,3494,56.640951
2016-12-05 05:00:00+00:00,56.65,56.82,56.63,56.75,864555,4622,56.742354
2016-12-06 05:00:00+00:00,56.94,57.02,56.805,56.94,1305952,7493,56.916914
2016-12-07 05:00:00+00:00,57.27,57.82,57.12,57.68,1068160,5945,57.45464
2016-12-08 05:00:00+00:00,57.59,57.94,57.535,57.86,1754611,11189,57.775334
2016-12-09 05:00:00+00:00,57.48,57.58,57.39,57.49,2689353,12864,57.491918
2016-12-12 05:00:00+00:00,57.0,57.09,56.75,56.92,2778390,8932,56.91508
2016-12-13 05:00:00+00:00,57.19,57.645,57.19,57.57,2407343,10338,57.535063
2016-12-14 05:00:00+00:00,57.09,57.41,56.2,56.26,3193110,15337,56.79348
2016-12-15 05:00:00+00:00,56.29,56.31,56.07,56.13,1756114,9370,56.168174
2016-12-16 05:00:00+00:00,55.99,56.075,55.68,55.87,1437168,8750,55.876617
2016-12-19 05:00:00+00:00,55.67,55.774,55.51,55.55,1448342,7481,55.625399
2016-12-20 05:00:00+00:00,55.56,55.6,55.42,55.56,1137710,4953,55.537934
2016-12-21 05:00:00+00:00,54.87,54.9,54.63,54.63,2053086,4928,54.741808
2016-12-22 05:00:00+00:00,54.18,54.18,53.9,54.13,1211455,5503,54.052078
2016-12-23 05:00:00+00:00,54.01,54.25,54.01,54.24,593312,3338,54.163021
2016-12-27 05:00:00+00:00,54.27,54.4724,54.27,54.32,1934669,8913,54.348834
2016-12-28 05:00:00+00:00,54.61,54.67,54.32,54.4,1897164,5277,54.409017
2016-12-29 05:00:00+00:00,54.79,55.2,54.79,55.11,1102661,4032,55.063084
2016-12-30 05:00:00+00:00,55.28,55.33,54.835,54.93,891647,4655,55.011613
2017-01-03 05:00:00+00:00,55.46,55.75,55.32,55.47,1704595,5731,55.467615
2017-01-04 05:00:00+00:00,55.76,56.16,55.76,56.02,1122554,5495,56.010747
2017-01-05 05:00:00+00:00,56.61,56.95,56.58,56.81,2471483,6738,56.786951
2017-01-06 05:00:00+00:00,56.58,56.63,56.4,56.53,993831,5167,56.520222
2017-01-09 05:00:00+00:00,56.51,56.74,56.5,56.58,878002,4738,56.626937
2017-01-10 05:00:00+00:00,57.01,57.47,56.99,57.13,1329268,4098,57.285104
2017-01-11 05:00:00+00:00,57.45,57.775,57.22,57.67,2003628,10557,57.484186
2017-01-12 05:00:00+00:00,57.72,57.765,57.49,57.74,1652476,6973,57.608502
2017-01-13 05:00:00+00:00,57.7,57.82,57.61,57.77,670238,4192,57.731789
2017-01-17 05:00:00+00:00,57.61,57.85,57.61,57.72,1299501,6509,57.711399
2017-01-18 05:00:00+00:00,57.85,57.93,57.52,57.57,473153,2611,57.707064
2017-01-19 05:00:00+00:00,57.6,57.61,57.26,57.43,524191,3039,57.410415
2017-01-20 05:00:00+00:00,57.45,57.55,57.25,57.46,401069,2519,57.424212
2017-01-23 05:00:00+00:00,57.74,58.13,57.74,58.07,619076,2829,57.987274
2017-01-24 05:00:00+00:00,58.34,58.6556,58.34,58.47,492600,3680,58.524563
2017-01-25 05:00:00+00:00,58.79,59.045,58.73,59.02,538822,2422,58.911163
2017-01-26 05:00:00+00:00,59.05,59.17,58.91,58.91,938185,3661,59.017099
2017-01-27 05:00:00+00:00,58.95,59.08,58.745,58.97,1541964,5890,58.9167
2017-01-30 05:00:00+00:00,58.71,58.83,58.6,58.8,1626454,4697,58.704631
2017-01-31 05:00:00+00:00,58.84,59.065,58.83,58.99,701969,4314,58.945483
2017-02-01 05:00:00+00:00,59.26,59.36,58.9931,59.09,1080591,4849,59.144476
2017-02-02 05:00:00+00:00,59.12,59.29,59.09,59.24,582896,2860,59.187612
2017-02-03 05:00:00+00:00,59.39,59.6,59.29,59.55,638289,2889,59.503557
2017-02-06 05:00:00+00:00,59.51,59.63,59.46,59.54,467143,2329,59.558865
2017-02-07 05:00:00+00:00,59.54,59.54,59.27,59.37,383157,2253,59.336081
2017-02-08 05:00:00+00:00,59.54,59.825,59.44,59.74,770103,3703,59.693554
2017-02-09 05:00:00+00:00,59.97,60.08,59.88,59.96,420634,2129,59.993624
2017-02-10 05:00:00+00:00,60.04,60.28,59.94,60.22,374089,2210,60.172741
2017-02-13 05:00:00+00:00,60.27,60.5399,60.25,60.42,691112,3130,60.430924
2017-02-14 05:00:00+00:00,60.4,60.43,59.97,60.43,778218,4250,60.268959
2017-02-15 05:00:00+00:00,60.49,60.88,60.38,60.81,601683,3469,60.719619
2017-02-16 05:00:00+00:00,60.82,60.82,60.6,60.7,1014695,4755,60.706375
2017-02-17 05:00:00+00:00,60.41,60.59,60.34,60.59,721524,3692,60.457624
2017-02-21 05:00:00+00:00,60.92,61.125,60.81,61.06,323189,2217,60.990068
2017-02-22 05:00:00+00:00,61.2,61.32,61.12,61.32,399010,2697,61.227851
2017-02-23 05:00:00+00:00,61.45,61.565,61.32,61.39,512699,2201,61.432816
2017-02-24 05:00:00+00:00,60.8,61.02,60.73,61.02,343763,1375,60.896822
2017-02-27 05:00:00+00:00,60.79,60.93,60.7,60.83,538032,2374,60.807991
2017-02-28 05:00:00+00:00,60.86,60.87,60.56,60.62,330853,1660,60.718127
2017-03-01 05:00:00+00:00,60.96,61.28,60.9,61.2,574784,3152,61.152678
2017-03-02 05:00:00+00:00,60.69,60.72,60.3,60.35,1559875,5079,60.518391
2017-03-03 05:00:00+00:00,60.44,60.5,60.17,60.35,1587264,7423,60.30767
2017-03-06 05:00:00+00:00,60.36,60.43,60.2,60.38,659120,4104,60.333684
2017-03-07 05:00:00+00:00,60.61,60.7101,60.49,60.56,1058250,5422,60.612249
2017-03-08 05:00:00+00:00,60.71,60.75,60.4,60.42,519914,2758,60.557686
2017-03-09 05:00:00+00:00,60.14,60.2,59.77,60.1,571185,3316,60.023537
2017-03-10 05:00:00+00:00,60.37,60.57,60.3,60.56,414958,2553,60.423922
2017-03-13 04:00:00+00:00,61.2,61.39,61.19,61.31,636447,2362,61.304383
2017-03-14 04:00:00+00:00,61.3,61.32,61.11,61.12,411645,2154,61.182938
2017-03-15 04:00:00+00:00,61.44,62.56,61.32,62.38,897603,4518,62.120112
2017-03-16 04:00:00+00:00,62.85,63.035,62.72,62.92,2113557,8380,62.896319
2017-03-17 04:00:00+00:00,62.92,63.04,62.855,62.94,3716516,11551,62.962097
2017-03-20 04:00:00+00:00,63.33,63.67,63.27,63.59,2991615,9958,63.583978
2017-03-21 04:00:00+00:00,63.72,63.85,62.83,62.9,1667913,9839,63.150412
2017-03-22 04:00:00+00:00,62.86,63.29,62.81,63.2,490122,2695,63.049859
2017-03-23 04:00:00+00:00,63.05,63.46,63.0444,63.24,1451850,7526,63.296992
2017-03-24 04:00:00+00:00,63.26,63.44,63.17,63.31,512608,2815,63.295664
2017-03-27 04:00:00+00:00,63.1,63.36,62.895,63.33,948668,3644,63.197819
2017-03-28 04:00:00+00:00,63.17,63.62,63.17,63.5,1002985,3854,63.465264
2017-03-29 04:00:00+00:00,63.31,63.555,63.31,63.51,662806,3588,63.449657
2017-03-30 04:00:00+00:00,63.21,63.37,63.19,63.25,255667,1711,63.271749
2017-03-31 04:00:00+00:00,63.03,63.09,62.91,62.94,295673,1368,63.004382
2017-04-03 04:00:00+00:00,63.27,63.43,62.99,63.4,1293652,5330,63.259861
2017-04-04 04:00:00+00:00,63.15,63.38,63.09,63.31,1048642,3432,63.270093
2017-04-05 04:00:00+00:00,63.49,63.68,63.22,63.28,1305652,5972,63.386282
2017-04-06 04:00:00+00:00,63.3,63.3,63.06,63.22,412086,2645,63.192435
2017-04-07 04:00:00+00:00,63.13,63.265,63.01,63.14,1075426,3702,63.127944
2017-04-10 04:00:00+00:00,62.9,62.93,62.7399,62.86,637818,3368,62.871189
2017-04-11 04:00:00+00:00,62.78,62.81,62.29,62.59,2663110,10857,62.541406
2017-04-12 04:00:00+00:00,62.86,62.87,62.57,62.86,745449,5288,62.707092
2017-04-13 04:00:00+00:00,62.99,63.165,62.76,62.79,909506,3890,62.940783
2017-04-17 04:00:00+00:00,62.85,63.11,62.78,63.11,326069,1916,63.00193
2017-04-18 04:00:00+00:00,62.38,62.49,62.16,62.36,1535276,4926,62.443454
2017-04-19 04:00:00+00:00,62.45,62.45,61.965,62.07,1828593,5877,62.197106
2017-04-20 04:00:00+00:00,62.69,62.84,62.57,62.81,449505,2495,62.749298
2017-04-21 04:00:00+00:00,62.91,62.95,62.74,62.89,580394,2853,62.851199
2017-04-24 04:00:00+00:00,63.43,63.52,63.335,63.41,1335563,4181,63.423165
2017-04-25 04:00:00+00:00,64.09,64.28,64.08,64.16,1706778,5395,64.179961
2017-04-26 04:00:00+00:00,64.25,64.36,64.14,64.17,2224506,6641,64.250142
2017-04-27 04:00:00+00:00,64.3,64.38,64.08,64.24,694325,3414,64.198805
2017-04-28 04:00:00+00:00,64.3,64.3,64.1,64.21,1659348,2392,64.15914
2017-05-01 04:00:00+00:00,64.46,64.64,64.29,64.42,744469,3625,64.519339
2017-05-02 04:00:00+00:00,64.72,64.94,64.688,64.84,590697,3356,64.788133
2017-05-03 04:00:00+00:00,64.76,64.76,64.415,64.61,351729,1910,64.600334
2017-05-04 04:00:00+00:00,64.58,64.61,64.14,64.15,4544783,9139,64.253892
2017-05-05 04:00:00+00:00,64.03,64.29,63.945,64.27,1269087,6078,64.152883
2017-05-08 04:00:00+00:00,64.67,64.82,64.52,64.53,878684,2844,64.578356
2017-05-09 04:00:00+00:00,65.07,65.48,64.97,65.31,1903119,6068,65.315989
2017-05-10 04:00:00+00:00,65.32,65.54,65.2,65.54,1241306,2638,65.454586
2017-05-11 04:00:00+00:00,65.63,65.78,65.38,65.77,759369,4331,65.576518
2017-05-12 04:00:00+00:00,65.79,65.98,65.72,65.94,399490,2095,65.888409
2017-05-15 04:00:00+00:00,66.21,66.43,66.15,66.43,1104618,4108,66.332847
2017-05-16 04:00:00+00:00,66.3,66.41,66.2,66.37,848527,3687,66.323045
2017-05-17 04:00:00+00:00,66.01,66.035,65.42,65.42,1682328,7448,65.650846
2017-05-18 04:00:00+00:00,64.94,65.735,64.8,65.5,946560,5415,65.378323
2017-05-19 04:00:00+00:00,66.07,66.48,65.9701,66.42,758685,2925,66.338503
2017-05-22 04:00:00+00:00,66.58,66.71,66.49,66.62,710312,3877,66.637767
2017-05-23 04:00:00+00:00,66.5,66.51,66.2752,66.29,727266,2692,66.349229
2017-05-24 04:00:00+00:00,66.43,66.55,66.335,66.48,1100479,5310,66.465378
2017-05-25 04:00:00+00:00,66.98,67.145,66.96,67.1,329976,2475,67.073351
2017-05-26 04:00:00+00:00,67.16,67.29,67.13,67.22,1670493,3932,67.231529
2017-05-30 04:00:00+00:00,67.02,67.15,66.91,67.05,703542,4095,67.053505
2017-05-31 04:00:00+00:00,67.08,67.08,66.67,66.76,877247,3735,66.768003
2017-06-01 04:00:00+00:00,67.05,67.39,66.94,67.38,1127376,3763,67.214118
2017-06-02 04:00:00+00:00,67.69,67.8,67.55,67.78,856375,2770,67.641932
2017-06-05 04:00:00+00:00,67.77,67.825,67.68,67.69,562745,2278,67.744798
2017-06-06 04:00:00+00:00,67.69,67.98,67.69,67.84,362004,1808,67.867066
2017-06-07 04:00:00+00:00,67.66,67.83,67.52,67.77,406028,1918,67.656849
2017-06-08 04:00:00+00:00,68.47,68.47,68.1,68.41,360816,2416,68.286831
2017-06-09 04:00:00+00:00,68.43,68.48,67.49,67.85,4041354,8901,68.141234
2017-06-12 04:00:00+00:00,67.38,67.45,67.08,67.37,437843,3025,67.275236
2017-06-13 04:00:00+00:00,67.79,67.9,67.63,67.82,1393548,7146,67.804681
2017-06-14 04:00:00+00:00,68.12,68.16,67.55,67.74,1209422,5236,67.937318
2017-06-15 04:00:00+00:00,66.95,67.1405,66.76,67.1,660321,3529,66.965275
2017-06-16 04:00:00+00:00,67.22,67.22,66.89,67.18,650729,2188,67.097063
2017-06-19 04:00:00+00:00,67.77,68.015,67.68,67.92,570947,2776,67.926614
2017-06-20 04:00:00+00:00,67.5,67.5871,67.18,67.23,887773,3931,67.298984
2017-06-21 04:00:00+00:00,67.4,67.56,67.28,67.39,2023080,2920,67.311014
2017-06-22 04:00:00+00:00,67.67,67.89,67.6,67.67,3471330,4219,67.723897
2017-06-23 04:00:00+00:00,67.7,67.93,67.63,67.82,256181,1166,67.825488
2017-06-26 04:00:00+00:00,68.48,68.61,68.225,68.41,255154,1548,68.400903
2017-06-27 04:00:00+00:00,68.09,68.19,67.73,67.73,655145,3295,67.964805
2017-06-28 04:00:00+00:00,67.84,68.01,67.65,67.9,3285215,8891,67.801763
2017-06-29 04:00:00+00:00,67.75,67.75,66.78,67.16,1239815,7695,67.236673
2017-06-30 04:00:00+00:00,67.5,67.669,67.37,67.45,361040,1916,67.518747
2017-07-03 04:00:00+00:00,67.76,67.89,67.57,67.63,409868,1447,67.697469
2017-07-05 04:00:00+00:00,67.29,67.64,67.1273,67.59,997707,3725,67.488131
2017-07-06 04:00:00+00:00,67.08,67.17,66.75,66.77,689731,2738,66.89572
2017-07-07 04:00:00+00:00,67.0,67.08,66.725,66.99,497682,2429,66.933238
2017-07-10 04:00:00+00:00,66.99,67.52,66.99,67.44,783798,2735,67.389536
2017-07-11 04:00:00+00:00,67.92,68.18,67.76,68.13,444444,2179,67.999202
2017-07-12 04:00:00+00:00,68.83,69.38,68.81,69.33,5801624,9308,69.181664
2017-07-13 04:00:00+00:00,69.37,69.56,69.3,69.53,2401018,8284,69.444351
2017-07-14 04:00:00+00:00,69.93,70.305,69.84,70.27,744374,3257,70.105128
2017-07-17 04:00:00+00:00,69.99,69.99,69.73,69.85,1305534,3389,69.824462
2017-07-18 04:00:00+00:00,69.82,70.14,69.6999,70.11,683214,3919,70.004435
2017-07-19 04:00:00+00:00,70.67,70.71,70.53,70.62,496550,2185,70.608087
2017-07-20 04:00:00+00:00,70.57,70.62,70.39,70.51,450405,1563,70.500617
2017-07-21 04:00:00+00:00,70.41,70.52,70.335,70.51,808184,2101,70.459499
2017-07-24 04:00:00+00:00,71.0,71.0,70.7,70.9,575584,2417,70.840114
2017-07-25 04:00:00+00:00,71.0,71.0,70.77,70.81,390387,2896,70.831384
2017-07-26 04:00:00+00:00,70.85,71.25,70.75,71.23,646065,2394,71.041993
2017-07-27 04:00:00+00:00,71.4,71.4854,70.4,70.75,4569849,14611,70.980678
2017-07-28 04:00:00+00:00,70.51,70.75,70.35,70.7,663620,2874,70.573588
2017-07-31 04:00:00+00:00,71.06,71.06,70.76,70.84,608628,2949,70.869624
2017-08-01 04:00:00+00:00,71.43,71.43,71.16,71.25,1613463,3344,71.194455
2017-08-02 04:00:00+00:00,71.47,71.47,70.87,71.22,2299795,6321,71.108266
2017-08-03 04:00:00+00:00,70.8,70.89,70.555,70.86,682130,3972,70.784516
2017-08-04 04:00:00+00:00,71.0,71.19,70.81,71.19,1017584,4018,71.06324
2017-08-07 04:00:00+00:00,71.22,71.5,71.22,71.5,655253,2672,71.366407
2017-08-08 04:00:00+00:00,71.62,71.96,71.44,71.61,914030,4796,71.697658
2017-08-09 04:00:00+00:00,70.75,70.99,70.635,70.96,1036643,5091,70.87207
2017-08-10 04:00:00+00:00,70.26,70.34,69.12,69.16,1470314,7448,69.595496
2017-08-11 04:00:00+00:00,69.21,69.53,69.03,69.24,1593215,8534,69.298433
2017-08-14 04:00:00+00:00,70.02,70.21,69.88,70.07,531548,2982,70.082016
2017-08-15 04:00:00+00:00,70.02,70.05,69.75,69.98,250869,1817,69.939647
2017-08-16 04:00:00+00:00,70.47,70.72,70.47,70.7,364633,2581,70.603115
2017-08-17 04:00:00+00:00,70.42,70.555,69.75,69.81,1320082,6061,70.175899
2017-08-18 04:00:00+00:00,70.15,70.5,69.84,70.16,777114,4801,70.237947
2017-08-21 04:00:00+00:00,70.35,70.51,70.18,70.44,378125,2059,70.384326
2017-08-22 04:00:00+00:00,70.94,71.36,70.9,71.35,809411,3450,71.223216
2017-08-23 04:00:00+00:00,71.13,71.55,71.11,71.47,369146,2137,71.367269
2017-08-24 04:00:00+00:00,71.72,71.89,71.46,71.8,5299425,11670,71.775132
2017-08-25 04:00:00+00:00,72.07,72.31,72.0,72.08,2213861,10437,72.133674
2017-08-28 04:00:00+00:00,72.05,72.07,71.697,71.79,1874756,5455,71.773175
2017-08-29 04:00:00+00:00,71.16,71.69,71.07,71.62,1123434,5793,71.473828
2017-08-30 04:00:00+00:00,71.83,71.94,71.72,71.83,893575,5119,71.839388
2017-08-31 04:00:00+00:00,71.98,72.17,71.8799,72.07,802409,5085,72.032396
2017-09-01 04:00:00+00:00,72.3,72.455,72.14,72.43,960087,4023,72.342597
2017-09-05 04:00:00+00:00,71.71,71.88,71.15,71.41,1022182,6160,71.510997
2017-09-06 04:00:00+00:00,71.68,71.82,71.55,71.76,280078,1924,71.724496
2017-09-07 04:00:00+00:00,72.01,72.22,71.94,72.22,585085,2963,72.128736
2017-09-08 04:00:00+00:00,72.21,72.2653,71.84,71.95,545592,3107,72.017628
2017-09-11 04:00:00+00:00,72.46,72.95,72.46,72.95,799910,2161,72.750371
2017-09-12 04:00:00+00:00,72.93,72.93,72.7401,72.88,891917,4709,72.831273
2017-09-13 04:00:00+00:00,72.69,72.695,72.45,72.56,788854,4907,72.588996
2017-09-14 04:00:00+00:00,72.47,72.69,72.35,72.6,738110,4603,72.556983
2017-09-15 04:00:00+00:00,72.79,73.18,72.72,73.12,474067,2831,72.970261
2017-09-18 04:00:00+00:00,73.82,73.92,73.61,73.755,933999,4138,73.768076
2017-09-19 04:00:00+00:00,73.64,73.84,73.515,73.84,618217,3205,73.705754
2017-09-20 04:00:00+00:00,73.8,73.87,72.85,73.4,606643,4497,73.391437
2017-09-21 04:00:00+00:00,73.71,73.72,73.27,73.47,468671,3362,73.516319
2017-09-22 04:00:00+00:00,72.98,73.0,72.83,72.92,634657,3569,72.937386
2017-09-25 04:00:00+00:00,72.28,72.28,71.32,71.59,984602,5759,71.700567
2017-09-26 04:00:00+00:00,71.82,71.89,71.47,71.54,912299,5392,71.659458
2017-09-27 04:00:00+00:00,71.38,71.65,71.165,71.52,1050327,5413,71.430497
2017-09-28 04:00:00+00:00,71.18,71.52,71.04,71.44,2466489,4518,71.247832
2017-09-29 04:00:00+00:00,71.77,72.35,71.71,72.22,1549713,7152,72.107063
2017-10-02 04:00:00+00:00,72.4,72.76,72.38,72.48,1554550,6254,72.571727
2017-10-03 04:00:00+00:00,72.99,73.41,72.95,73.41,1687192,5695,73.272192
2017-10-04 04:00:00+00:00,73.31,73.48,73.2475,73.35,516235,3101,73.371208
2017-10-05 04:00:00+00:00,73.5,74.03,73.5,73.97,2134323,7131,73.885943
2017-10-06 04:00:00+00:00,73.47,73.65,73.22,73.56,2092100,7999,73.521948
2017-10-09 04:00:00+00:00,73.5,73.795,73.48,73.77,1049100,3121,73.566205
2017-10-10 04:00:00+00:00,74.15,74.49,74.15,74.48,1897730,6114,74.371331
2017-10-11 04:00:00+00:00,74.29,74.645,74.21,74.61,1174411,3867,74.39948
2017-10-12 04:00:00+00:00,74.7,74.8,74.54,74.56,1086802,5282,74.666428
2017-10-13 04:00:00+00:00,74.99,75.37,74.99,75.24,394530,2375,75.25756
2017-10-16 04:00:00+00:00,75.3,75.44,75.265,75.39,824805,3249,75.373464
2017-10-17 04:00:00+00:00,75.12,75.22,74.94,75.0,1644228,4920,75.028612
2017-10-18 04:00:00+00:00,75.29,75.47,75.07,75.29,494874,2621,75.330096
2017-10-19 04:00:00+00:00,74.47,74.52,74.16,74.5,1218964,5823,74.419938
2017-10-20 04:00:00+00:00,74.75,74.94,74.7,74.87,676900,3382,74.848645
2017-10-23 04:00:00+00:00,74.82,74.94,74.39,74.46,774849,4798,74.560802
2017-10-24 04:00:00+00:00,74.69,74.8,74.4,74.49,640203,3605,74.587309
2017-10-25 04:00:00+00:00,74.74,74.81,73.83,74.24,2812919,7223,74.176428
2017-10-26 04:00:00+00:00,74.48,74.61,74.08,74.08,811051,3922,74.387001
2017-10-27 04:00:00+00:00,74.42,75.09,74.23,75.05,1030579,5920,74.861093
2017-10-30 04:00:00+00:00,74.63,74.875,74.4475,74.59,548749,3032,74.623936
2017-10-31 04:00:00+00:00,75.14,75.35,74.98,75.31,872846,4098,75.205082
2017-11-01 04:00:00+00:00,76.19,76.35,75.85,75.96,2869473,8030,76.070592
2017-11-02 04:00:00+00:00,75.99,76.16,75.75,76.14,1289310,6120,76.000135
2017-11-03 04:00:00+00:00,76.24,76.24,75.59,75.9,691479,4105,75.902514
2017-11-06 05:00:00+00:00,75.96,76.53,75.89,76.53,1313730,4730,76.348686
2017-11-07 05:00:00+00:00,76.49,76.58,76.09,76.18,1627277,8253,76.265959
2017-11-08 05:00:00+00:00,76.37,76.59,76.29,76.57,681128,3733,76.476423
2017-11-09 05:00:00+00:00,76.03,76.2,75.58,76.11,1261567,7818,75.970958
2017-11-10 05:00:00+00:00,76.11,76.15,75.87,76.08,619687,3163,76.037785
2017-11-13 05:00:00+00:00,75.83,76.22,75.8,76.11,381851,2529,76.078279
2017-11-14 05:00:00+00:00,75.89,75.93,75.57,75.67,483372,2231,75.669519
2017-11-15 05:00:00+00:00,75.22,75.43,74.9599,75.24,886623,3065,75.246286
2017-11-16 05:00:00+00:00,76.04,76.84,76.04,76.72,1428720,4502,76.67956
2017-11-17 05:00:00+00:00,76.67,76.9162,76.66,76.7,781711,4548,76.794989
2017-11-20 05:00:00+00:00,76.75,77.175,76.75,77.11,689469,2862,77.033608
2017-11-21 05:00:00+00:00,78.1,78.44,78.0,78.28,1380993,3750,78.339139
2017-11-22 05:00:00+00:00,78.31,78.44,78.11,78.36,1317286,4646,78.283742
2017-11-24 05:00:00+00:00,78.12,78.38,78.12,78.28,340386,1607,78.27517
2017-11-27 05:00:00+00:00,77.45,77.6,76.95,76.98,1147625,4290,77.132387
2017-11-28 05:00:00+00:00,77.42,77.6,77.15,77.52,1042447,6105,77.419143
2017-11-29 05:00:00+00:00,77.13,77.13,76.06,76.33,1489260,7649,76.405909
2017-11-30 05:00:00+00:00,76.19,76.19,75.56,75.63,1861953,7481,75.857012
2017-12-01 05:00:00+00:00,75.31,75.5199,74.77,75.13,1541794,7997,75.157897
2017-12-04 05:00:00+00:00,75.81,75.97,74.9507,75.01,1450060,7868,75.303351
2017-12-05 05:00:00+00:00,74.96,75.405,74.899,75.02,859792,4019,75.084224
2017-12-06 05:00:00+00:00,73.8,74.035,73.56,73.86,2058666,5916,73.795066
2017-12-07 05:00:00+00:00,73.8,74.4708,73.8,74.41,2755362,9265,74.292731
2017-12-08 05:00:00+00:00,75.29,75.38,75.03,75.32,1132464,3859,75.226371
2017-12-11 05:00:00+00:00,75.69,75.87,75.62,75.76,906388,4569,75.773155
2017-12-12 05:00:00+00:00,75.21,75.28,75.025,75.15,1067398,4834,75.171412
2017-12-13 05:00:00+00:00,75.77,76.33,75.73,76.18,1869271,7585,76.064444
2017-12-14 05:00:00+00:00,75.91,76.04,75.49,75.49,1409686,6064,75.723984
2017-12-15 05:00:00+00:00,75.44,75.59,75.21,75.47,2177634,6471,75.459903
2017-12-18 05:00:00+00:00,75.79,76.05,75.77,75.88,1889866,7861,75.895301
2017-12-19 05:00:00+00:00,74.81,74.81,74.345,74.52,3122222,14507,74.494754
2017-12-20 05:00:00+00:00,74.8,74.81,74.55,74.6,882962,3987,74.678917
2017-12-21 05:00:00+00:00,74.74,75.2,74.72,75.01,2325757,8834,75.062288
2017-12-22 05:00:00+00:00,75.25,75.57,75.18,75.57,673386,2981,75.345182
2017-12-26 05:00:00+00:00,75.34,75.34,75.01,75.26,233076,1682,75.211198
2017-12-27 05:00:00+00:00,75.39,75.52,75.23,75.37,519677,3386,75.366875
2017-12-28 05:00:00+00:00,76.15,76.22,75.85,76.0,569511,2868,76.041373
2017-12-29 05:00:00+00:00,76.53,76.61,76.231,76.28,637912,3445,76.461928
2018-01-02 05:00:00+00:00,77.39,77.88,77.36,77.88,1128518,5202,77.556182
2018-01-03 05:00:00+00:00,78.21,78.58,78.18,78.56,637092,3341,78.422864
2018-01-04 05:00:00+00:00,78.63,78.81,78.55,78.69,928089,5768,78.690256
2018-01-05 05:00:00+00:00,78.99,79.43,78.9101,79.41,686202,4258,79.265985
2018-01-08 05:00:00+00:00,79.17,79.62,79.17,79.49,567703,3209,79.484267
2018-01-09 05:00:00+00:00,79.43,79.49,79.1,79.41,679295,5121,79.372709
2018-01-10 05:00:00+00:00,78.89,79.075,78.645,78.92,813719,5119,78.870012
2018-01-11 05:00:00+00:00,78.93,79.41,78.92,79.4,618982,3929,79.172973
2018-01-12 05:00:00+00:00,79.48,80.15,79.3822,80.15,1355092,5102,79.967822
2018-01-16 05:00:00+00:00,80.4,80.665,79.65,79.78,765007,3598,80.24257
2018-01-17 05:00:00+00:00,80.4,80.84,80.17,80.74,1168118,3131,80.674973
2018-01-18 05:00:00+00:00,80.4,80.6,80.28,80.5,3081724,10772,80.391626
2018-01-19 05:00:00+00:00,81.14,81.32,80.82,81.32,494112,2834,81.126791
2018-01-22 05:00:00+00:00,81.2,81.71,81.07,81.71,1042129,6090,81.424266
2018-01-23 05:00:00+00:00,81.98,82.29,81.8,82.25,1120904,5313,82.114326
2018-01-24 05:00:00+00:00,82.56,82.915,82.03,82.46,845606,5655,82.45468
2018-01-25 05:00:00+00:00,82.47,82.82,81.98,82.25,881924,4008,82.478874
2018-01-26 05:00:00+00:00,82.98,83.52,82.87,83.5,1794292,6730,83.224489
2018-01-29 05:00:00+00:00,82.65,82.71,82.25,82.31,2691806,13597,82.529103
2018-01-30 05:00:00+00:00,81.56,81.64,80.98,81.17,1820479,10859,81.24418
2018-01-31 05:00:00+00:00,82.28,82.39,81.32,81.78,4074316,15489,81.800166
2018-02-01 05:00:00+00:00,81.04,81.29,80.5,80.6,1785975,9685,80.932141
2018-02-02 05:00:00+00:00,79.98,80.0,78.62,78.64,1831528,9427,79.163476
2018-02-05 05:00:00+00:00,78.65,79.47,76.29,76.37,5891798,18356,78.218653
2018-02-06 05:00:00+00:00,75.99,78.89,75.66,78.36,3980997,25912,77.503684
2018-02-07 05:00:00+00:00,76.74,77.4249,75.74,75.74,1682570,9758,76.587719
2018-02-08 05:00:00+00:00,76.15,76.27,73.32,73.32,3189577,15516,74.689172
2018-02-09 05:00:00+00:00,74.09,74.91,72.24,74.44,3253478,15345,73.56354
2018-02-12 05:00:00+00:00,75.13,75.72,74.58,75.32,1420110,9958,75.259052
2018-02-13 05:00:00+00:00,75.39,76.09,75.33,75.96,1245442,8122,75.777074
2018-02-14 05:00:00+00:00,75.6,77.74,75.6,77.63,954161,6737,77.014877
2018-02-15 05:00:00+00:00,78.88,79.39,78.0261,79.16,1620060,4660,78.991261
2018-02-16 05:00:00+00:00,78.88,79.61,78.7,78.93,659042,4061,79.123373
2018-02-20 05:00:00+00:00,77.75,78.13,77.52,77.86,686016,3869,77.820555
2018-02-21 05:00:00+00:00,78.55,79.39,77.87,77.89,503610,3457,78.759818
2018-02-22 05:00:00+00:00,78.0,78.485,77.63,77.74,1159278,7680,78.120416
2018-02-23 05:00:00+00:00,78.61,79.09,78.34,79.09,957487,5999,78.673582
2018-02-26 05:00:00+00:00,79.38,79.88,78.95,79.86,1130132,5960,79.369836
2018-02-27 05:00:00+00:00,79.02,79.02,77.72,77.72,670813,4715,78.241694
2018-02-28 05:00:00+00:00,77.85,77.92,76.74,76.74,520371,3380,77.434891
2018-03-01 05:00:00+00:00,77.48,77.92,76.01,76.61,793121,5031,77.03967
2018-03-02 05:00:00+00:00,75.85,77.03,75.43,76.9,806773,6577,76.160392
2018-03-05 05:00:00+00:00,75.83,76.89,75.8,76.69,869693,5694,76.477094
2018-03-06 05:00:00+00:00,77.87,78.06,77.26,77.54,636527,3531,77.625647
2018-03-07 05:00:00+00:00,76.93,77.565,76.66,77.53,567085,3310,77.183362
2018-03-08 05:00:00+00:00,77.88,78.03,77.5,77.83,490645,2343,77.72034
2018-03-09 05:00:00+00:00,78.42,79.54,78.42,79.54,880701,3038,78.937013
2018-03-12 04:00:00+00:00,79.71,79.9338,79.4352,79.78,500164,3167,79.730434
2018-03-13 04:00:00+00:00,80.11,80.25,78.95,79.21,2219029,5606,79.25022
2018-03-14 04:00:00+00:00,79.73,79.95,79.06,79.49,597203,3795,79.457841
2018-03-15 04:00:00+00:00,79.88,80.13,79.37,79.64,1274535,5204,79.557931
2018-03-16 04:00:00+00:00,79.44,79.65,79.36,79.51,439445,2429,79.507061
2018-03-19 04:00:00+00:00,79.0,79.12,78.18,78.62,269232,1771,78.678455
2018-03-20 04:00:00+00:00,79.14,79.67,79.14,79.47,413484,2645,79.43773
2018-03-21 04:00:00+00:00,79.21,79.79,78.96,79.55,408214,2870,79.433619
2018-03-22 04:00:00+00:00,77.75,77.99,76.784,76.82,812752,3627,77.252884
2018-03-23 04:00:00+00:00,76.83,77.0,75.2,75.23,629470,3788,76.207673
2018-03-26 04:00:00+00:00,77.3,77.8,76.3,77.74,2622778,8207,77.038922
2018-03-27 04:00:00+00:00,77.75,77.96,76.3,76.56,3152732,9191,77.273946
2018-03-28 04:00:00+00:00,76.44,76.5,75.62,76.16,567921,3604,76.127671
2018-03-29 04:00:00+00:00,76.65,77.77,76.55,77.53,635985,3970,77.270934
2018-04-02 04:00:00+00:00,77.12,77.3284,75.45,76.08,377162,2716,76.185687
2018-04-03 04:00:00+00:00,76.87,77.08,76.32,77.03,365524,1947,76.77375
2018-04-04 04:00:00+00:00,74.89,76.96,74.7,76.86,647772,3920,76.384582
2018-04-05 04:00:00+00:00,77.01,77.36,76.74,77.05,320225,2203,77.075144
2018-04-06 04:00:00+00:00,76.33,76.78,75.06,75.37,3235501,9598,75.431054
2018-04-09 04:00:00+00:00,76.34,77.01,76.1,76.27,684984,2992,76.611825
2018-04-10 04:00:00+00:00,77.43,77.91,77.14,77.81,802495,3435,77.611066
2018-04-11 04:00:00+00:00,77.53,78.05,77.51,77.82,389154,2541,77.783332
2018-04-12 04:00:00+00:00,77.56,78.0,77.42,77.84,369327,2087,77.768779
2018-04-13 04:00:00+00:00,77.68,77.84,76.87,77.09,201641,1389,77.175699
2018-04-16 04:00:00+00:00,76.76,77.06,76.56,77.01,257035,1563,76.821389
2018-04-17 04:00:00+00:00,76.6,77.2,76.56,76.98,852034,3623,76.946471
2018-04-18 04:00:00+00:00,77.16,77.66,76.99,77.43,390329,2576,77.421659
2018-04-19 04:00:00+00:00,77.66,77.675,76.92,77.15,1437322,4947,77.310129
2018-04-20 04:00:00+00:00,76.75,76.75,75.89,76.26,661707,3989,76.148351
2018-04-23 04:00:00+00:00,76.19,76.38,75.69,75.89,446787,2800,75.995623
2018-04-24 04:00:00+00:00,76.35,76.58,75.21,75.54,561211,2378,75.574007
2018-04-25 04:00:00+00:00,75.21,75.29,74.68,75.1,389891,2652,75.027131
2018-04-26 04:00:00+00:00,75.38,76.05,75.38,76.02,425203,1725,75.848532
2018-04-27 04:00:00+00:00,76.44,76.56,75.99,76.51,407374,2204,76.415509
2018-04-30 04:00:00+00:00,77.04,77.08,76.25,76.25,782714,4580,76.570277
2018-05-01 04:00:00+00:00,75.93,76.15,75.19,76.09,615686,3623,75.790161
2018-05-02 04:00:00+00:00,76.35,76.38,75.67,75.69,469086,3279,75.965154
2018-05-03 04:00:00+00:00,75.52,75.76,74.58,75.53,496760,3779,75.196611
2018-05-04 04:00:00+00:00,74.83,76.04,74.63,75.89,1224889,6633,75.6437
2018-05-07 04:00:00+00:00,75.17,75.72,75.04,75.47,317875,1757,75.568433
2018-05-08 04:00:00+00:00,75.8,76.08,75.47,76.04,610211,3674,75.859715
2018-05-09 04:00:00+00:00,76.27,76.38,75.85,76.11,456739,2676,76.024067
2018-05-10 04:00:00+00:00,76.58,77.65,76.58,77.39,1084134,6654,77.315276
2018-05-11 04:00:00+00:00,77.74,77.75,77.28,77.49,168934,1353,77.479253
2018-05-14 04:00:00+00:00,77.85,78.14,77.61,77.7,598944,2115,77.987907
2018-05-15 04:00:00+00:00,76.62,76.62,75.99,76.25,872721,3781,76.272176
2018-05-16 04:00:00+00:00,76.79,77.42,76.79,77.37,534396,3278,77.221356
2018-05-17 04:00:00+00:00,76.61,76.8,76.18,76.4,791641,2991,76.576599
2018-05-18 04:00:00+00:00,76.04,76.16,75.85,75.99,341643,2670,76.009148
2018-05-21 04:00:00+00:00,76.74,76.92,76.45,76.71,259377,1767,76.615372
2018-05-22 04:00:00+00:00,76.82,77.14,76.515,76.63,499701,2656,76.834915
2018-05-23 04:00:00+00:00,75.77,76.61,75.76,76.61,621323,3775,76.24822
2018-05-24 04:00:00+00:00,76.42,76.46,75.51,76.38,1756211,5046,76.107121
2018-05-25 04:00:00+00:00,76.445,76.93,76.43,76.89,770241,4054,76.781725
2018-05-29 04:00:00+00:00,76.28,76.28,75.11,75.44,1739858,8370,75.659318
2018-05-30 04:00:00+00:00,75.21,75.88,75.044,75.78,1936862,9026,75.519905
2018-05-31 04:00:00+00:00,75.8,76.2799,75.62,76.0,500281,2954,75.96451
2018-06-01 04:00:00+00:00,76.35,76.87,76.35,76.87,502904,2644,76.672039
2018-06-04 04:00:00+00:00,77.25,77.71,77.25,77.61,366982,2702,77.575349
2018-06-05 04:00:00+00:00,77.62,77.6799,77.3,77.47,386343,1959,77.488882
2018-06-06 04:00:00+00:00,78.02,78.7,77.98,78.69,465409,2508,78.438083
2018-06-07 04:00:00+00:00,78.68,78.68,77.5395,77.92,1914290,6016,78.272042
2018-06-08 04:00:00+00:00,77.33,77.74,77.14,77.51,467557,3761,77.461575
2018-06-11 04:00:00+00:00,77.7,77.8,77.52,77.71,2515822,11045,77.707197
2018-06-12 04:00:00+00:00,77.72,77.725,77.17,77.47,345128,2585,77.394916
2018-06-13 04:00:00+00:00,77.46,77.46,76.47,76.8,502422,3441,77.136887
2018-06-14 04:00:00+00:00,76.62,76.72,76.17,76.3,425455,2803,76.388726
2018-06-15 04:00:00+00:00,75.58,75.72,75.18,75.68,632026,4078,75.474812
2018-06-18 04:00:00+00:00,74.76,74.89,74.349,74.84,1037962,5048,74.646658
2018-06-19 04:00:00+00:00,73.15,73.51,72.75,73.46,3608430,7342,73.179219
2018-06-20 04:00:00+00:00,73.92,74.04,73.65,73.71,1010822,4994,73.822163
2018-06-21 04:00:00+00:00,73.19,73.19,72.425,72.45,1075264,6342,72.647199
2018-06-22 04:00:00+00:00,73.45,73.45,73.03,73.12,679207,3264,73.172275
2018-06-25 04:00:00+00:00,72.4,72.42,71.39,72.02,1505656,5150,72.024377
2018-06-26 04:00:00+00:00,72.02,72.23,71.63,71.86,845017,4188,71.92127
2018-06-27 04:00:00+00:00,71.67,71.67,70.29,70.39,1031068,6630,70.97181
2018-06-28 04:00:00+00:00,70.04,70.77,70.0,70.72,973115,6232,70.381084
2018-06-29 04:00:00+00:00,71.61,71.85,71.49,71.67,939717,4931,71.709911
2018-07-02 04:00:00+00:00,70.41,70.85,70.3,70.78,690139,3593,70.547421
2018-07-03 04:00:00+00:00,71.3,71.3,70.54,70.62,280242,1991,70.90234
2018-07-05 04:00:00+00:00,70.68,70.73,69.98,70.25,3044848,8899,70.252868
2018-07-06 04:00:00+00:00,70.4,71.4,70.39,71.1,640367,3235,71.03349
2018-07-09 04:00:00+00:00,72.02,72.45,71.86,72.43,1113300,6360,72.204655
2018-07-10 04:00:00+00:00,72.28,72.28,71.66,72.11,627458,3841,71.956178
2018-07-11 04:00:00+00:00,71.09,71.4099,70.72,70.92,1007085,5099,71.060576
2018-07-12 04:00:00+00:00,71.87,72.06,71.64,71.91,662122,3472,71.890189
2018-07-13 04:00:00+00:00,71.93,72.08,71.67,71.97,374124,2760,71.928758
2018-07-16 04:00:00+00:00,71.61,71.68,71.43,71.59,422593,1659,71.584142
2018-07-17 04:00:00+00:00,71.34,71.99,71.18,71.9,745907,4067,71.792881
2018-07-18 04:00:00+00:00,71.46,71.87,71.32,71.84,317111,2226,71.685427
2018-07-19 04:00:00+00:00,71.02,71.37,70.76,71.0,1297506,6801,71.093538
2018-07-20 04:00:00+00:00,71.59,72.07,71.59,72.01,528013,3801,71.932221
2018-07-23 04:00:00+00:00,71.69,71.69,71.33,71.51,2096714,4584,71.434796
2018-07-24 04:00:00+00:00,72.58,72.87,72.34,72.5,869717,6050,72.624194
2018-07-25 04:00:00+00:00,72.76,73.69,72.72,73.69,880687,4605,73.290999
2018-07-26 04:00:00+00:00,72.84,73.04,72.71,72.88,1164239,4712,72.969632
2018-07-27 04:00:00+00:00,73.36,73.36,72.58,72.9,365916,2771,72.995963
2018-07-30 04:00:00+00:00,72.93,72.99,72.35,72.56,886850,5193,72.642634
2018-07-31 04:00:00+00:00,72.65,73.19,72.55,73.05,400877,3740,72.928534
2018-08-01 04:00:00+00:00,72.5,72.73,72.24,72.4,797388,3318,72.391992
2018-08-02 04:00:00+00:00,70.96,71.45,70.742,71.34,2985810,9160,71.204939
2018-08-03 04:00:00+00:00,71.43,71.72,71.38,71.55,1292871,3045,71.578774
2018-08-06 04:00:00+00:00,71.29,71.43,71.09,71.29,840318,4369,71.307933
2018-08-07 04:00:00+00:00,72.23,72.439,72.01,72.19,800570,4662,72.290786
2018-08-08 04:00:00+00:00,72.18,72.28,71.83,72.22,393612,2967,72.192199
2018-08-09 04:00:00+00:00,72.56,72.7901,72.35,72.38,2457589,3251,72.683345
2018-08-10 04:00:00+00:00,71.28,71.47,71.08,71.34,621015,4265,71.254016
2018-08-13 04:00:00+00:00,70.73,70.83,70.11,70.18,706325,4584,70.447919
2018-08-14 04:00:00+00:00,70.24,70.44,70.04,70.29,554638,3303,70.268758
2018-08-15 04:00:00+00:00,68.28,68.5931,67.86,68.45,1388094,9040,68.285162
2018-08-16 04:00:00+00:00,68.97,69.49,68.97,69.1,426465,3162,69.197822
2018-08-17 04:00:00+00:00,68.89,69.97,68.7,69.82,530963,3354,69.34603
2018-08-20 04:00:00+00:00,69.97,70.181,69.81,70.16,464443,3151,70.00832
2018-08-21 04:00:00+00:00,70.78,71.25,70.77,71.08,544883,3173,71.068303
2018-08-22 04:00:00+00:00,71.11,71.56,71.11,71.39,415709,2436,71.375467
2018-08-23 04:00:00+00:00,71.25,71.35,70.44,70.5,607292,4553,70.869758
2018-08-24 04:00:00+00:00,71.13,71.52,71.05,71.48,870993,3460,71.351899
2018-08-27 04:00:00+00:00,72.03,72.7,72.03,72.49,856363,5326,72.573569
2018-08-28 04:00:00+00:00,72.69,72.73,72.14,72.24,1128539,6775,72.273643
2018-08-29 04:00:00+00:00,72.25,72.8,72.13,72.74,816697,5389,72.602137
2018-08-30 04:00:00+00:00,71.93,71.94,71.02,71.18,904339,5711,71.386761
2018-08-31 04:00:00+00:00,71.02,71.67,70.99,71.43,867285,5000,71.323174
2018-09-04 04:00:00+00:00,70.71,70.71,70.35,70.6,814181,5003,70.515155
2018-09-05 04:00:00+00:00,69.67,69.75,69.21,69.38,1046820,5101,69.423289
2018-09-06 04:00:00+00:00,69.43,69.58,68.86,69.19,983617,5633,69.136488
2018-09-07 04:00:00+00:00,68.72,69.24,68.5,68.68,1036297,5645,68.777065
2018-09-10 04:00:00+00:00,68.55,68.57,67.95,68.02,1197471,10081,68.125903
2018-09-11 04:00:00+00:00,67.36,68.24,67.22,68.24,5551930,16850,67.94717
2018-09-12 04:00:00+00:00,67.93,68.87,67.64,68.54,1978895,8804,68.439729
2018-09-13 04:00:00+00:00,69.67,69.91,69.26,69.66,1775012,9190,69.584963
2018-09-14 04:00:00+00:00,69.98,70.07,69.27,69.59,1468672,9996,69.742386
2018-09-17 04:00:00+00:00,68.96,69.18,68.62,68.71,627564,3053,68.846561
2018-09-18 04:00:00+00:00,69.06,69.46,69.06,69.34,343103,2281,69.335502
2018-09-19 04:00:00+00:00,69.83,70.38,69.83,70.3,529105,3281,70.330775
2018-09-20 04:00:00+00:00,70.8,71.02,70.55,70.95,924843,4479,70.816028
2018-09-21 04:00:00+00:00,71.2,71.42,71.1,71.27,1137312,8043,71.266835
2018-09-24 04:00:00+00:00,70.3,70.48,70.05,70.44,714342,3969,70.298784
2018-09-25 04:00:00+00:00,70.68,70.845,70.5801,70.69,485113,3113,70.747803
2018-09-26 04:00:00+00:00,70.77,71.44,70.63,70.74,2520642,6416,71.011406
2018-09-27 04:00:00+00:00,70.93,71.23,70.82,71.01,2360300,6757,71.096308
2018-09-28 04:00:00+00:00,70.55,70.97,70.39,70.61,1057030,5095,70.60529
2018-10-01 04:00:00+00:00,70.93,70.93,70.33,70.46,1649557,6942,70.613976
2018-10-02 04:00:00+00:00,69.34,69.55,69.06,69.25,1035882,7311,69.340278
2018-10-03 04:00:00+00:00,69.31,69.51,68.52,68.64,968819,5550,68.973172
2018-10-04 04:00:00+00:00,67.8,67.9863,66.72,66.95,911654,5511,67.059555
2018-10-05 04:00:00+00:00,66.85,66.9,65.9699,66.51,1678979,10404,66.346595
2018-10-08 04:00:00+00:00,65.68,66.31,65.58,66.19,537647,2366,65.998866
2018-10-09 04:00:00+00:00,65.67,66.1,65.48,65.74,1689429,6282,65.847015
2018-10-10 04:00:00+00:00,65.44,65.49,63.9,63.9,2746985,10695,64.623256
2018-10-11 04:00:00+00:00,63.42,64.07,62.67,63.26,2910260,12327,63.516754
2018-10-12 04:00:00+00:00,64.78,65.18,64.16,64.98,2205171,12546,64.786238
2018-10-15 04:00:00+00:00,64.33,64.57,64.11,64.11,964355,6964,64.332047
2018-10-16 04:00:00+00:00,64.72,65.57,64.71,65.53,701697,4863,65.268985
2018-10-17 04:00:00+00:00,65.15,65.15,64.44,64.71,604154,4115,64.765958
2018-10-18 04:00:00+00:00,64.07,64.1195,62.98,63.26,1144061,5182,63.398596
2018-10-19 04:00:00+00:00,64.32,64.63,63.8,63.96,840497,2748,64.058874
2018-10-22 04:00:00+00:00,65.01,65.11,64.51,64.73,749437,3209,64.748769
2018-10-23 04:00:00+00:00,62.92,64.17,62.72,63.81,913064,6189,63.652636
2018-10-24 04:00:00+00:00,63.5,63.53,61.77,61.77,583411,3725,62.474587
2018-10-25 04:00:00+00:00,62.42,63.3,62.28,62.94,771188,3515,62.936174
2018-10-26 04:00:00+00:00,61.55,62.59,61.31,62.0,1922791,10053,61.765207
2018-10-29 04:00:00+00:00,62.41,62.47,60.48,61.12,1547641,6102,61.650336
2018-10-30 04:00:00+00:00,61.43,62.16,61.28,62.16,766815,3832,61.711032
2018-10-31 04:00:00+00:00,63.07,63.33,62.77,62.99,865915,5316,63.063358
2018-11-01 04:00:00+00:00,63.94,65.24,63.64,65.24,841323,4868,64.907012
2018-11-02 04:00:00+00:00,66.27,66.58,65.06,65.64,1103209,5654,65.623601
2018-11-05 05:00:00+00:00,65.31,65.65,65.15,65.57,1086561,5089,65.410408
2018-11-06 05:00:00+00:00,65.23,65.56,65.18,65.5,393030,3248,65.384036
2018-11-07 05:00:00+00:00,66.27,66.92,66.05,66.87,685161,3828,66.491085
2018-11-08 05:00:00+00:00,65.9,66.14,65.12,65.35,829703,3146,65.432525
2018-11-09 05:00:00+00:00,64.26,64.45,63.58,63.91,1468899,8598,63.880234
2018-11-12 05:00:00+00:00,63.9,63.97,63.13,63.23,2963742,2405,63.39629
2018-11-13 05:00:00+00:00,64.11,65.01,64.0,64.42,509936,3774,64.531094
2018-11-14 05:00:00+00:00,64.88,65.09,64.16,64.68,916523,3300,64.747214
2018-11-15 05:00:00+00:00,65.02,66.43,64.85,66.15,6346619,8825,65.494446
2018-11-16 05:00:00+00:00,65.55,66.45,65.36,66.2,774650,3725,65.992196
2018-11-19 05:00:00+00:00,65.6,65.73,65.02,65.14,520049,3122,65.289494
2018-11-20 05:00:00+00:00,64.16,64.5,63.7,63.91,1362250,7215,64.058456
2018-11-21 05:00:00+00:00,65.02,65.54,64.98,65.11,1833103,10360,65.292661
2018-11-23 05:00:00+00:00,64.45,64.85,64.31,64.45,405743,2443,64.634725
2018-11-26 05:00:00+00:00,65.67,65.85,65.55,65.82,2752058,13943,65.721937
2018-11-27 05:00:00+00:00,65.43,65.94,65.2,65.94,1308786,7296,65.73839
2018-11-28 05:00:00+00:00,66.39,67.42,66.01,67.41,1624528,7978,66.876037
2018-11-29 05:00:00+00:00,66.73,67.02,66.26,66.65,699747,3995,66.703929
2018-11-30 05:00:00+00:00,66.45,66.78,66.21,66.77,1421597,5097,66.5058
2018-12-03 05:00:00+00:00,68.43,68.6,67.87,68.29,3513209,12959,68.1857
2018-12-04 05:00:00+00:00,68.23,68.36,66.7,66.88,1034844,6515,67.490516
2018-12-06 05:00:00+00:00,65.02,66.07,64.65,66.02,2513480,8109,65.255544
2018-12-07 05:00:00+00:00,65.79,66.21,64.65,64.83,2650550,9240,65.337075
2018-12-10 05:00:00+00:00,64.33,64.58,63.49,64.38,1460685,8376,64.199154
2018-12-11 05:00:00+00:00,65.21,65.22,64.39,64.85,1344063,6312,64.906193
2018-12-12 05:00:00+00:00,65.95,66.43,65.8,65.8,2706485,11306,66.100747
2018-12-13 05:00:00+00:00,66.2,66.33,65.87,65.92,3135222,15696,66.073491
2018-12-14 05:00:00+00:00,65.03,65.52,64.97,65.12,1601750,8455,65.239615
2018-12-17 05:00:00+00:00,65.08,65.31,64.225,64.47,2614778,16164,64.747783
2018-12-18 05:00:00+00:00,63.91,64.24,63.69,63.85,2664591,9512,64.042906
2018-12-19 05:00:00+00:00,64.04,64.48,62.41,62.86,2122125,12392,63.479726
2018-12-20 05:00:00+00:00,63.32,63.62,62.77,63.2,1269512,6867,63.254362
2018-12-21 05:00:00+00:00,63.28,63.63,62.48,62.7,1478054,8382,62.99731
2018-12-24 05:00:00+00:00,62.6,63.0,62.12,62.12,287317,1684,62.56952
2018-12-26 05:00:00+00:00,62.67,63.48,62.06,63.48,765148,4914,62.824825
2018-12-27 05:00:00+00:00,62.6,63.33,62.32,63.31,1622097,8297,62.715795
2018-12-28 05:00:00+00:00,63.67,64.12,63.48,63.71,1256455,7002,63.726617
2018-12-31 05:00:00+00:00,64.21,64.21,63.3276,63.53,1324439,6685,63.574373
2019-01-02 05:00:00+00:00,62.58,63.2,62.41,63.09,865569,5223,62.969303
2019-01-03 05:00:00+00:00,62.19,62.26,61.55,61.6,1505789,7605,61.720956
2019-01-04 05:00:00+00:00,62.64,63.89,62.64,63.63,1658055,7447,63.506759
2019-01-07 05:00:00+00:00,63.62,64.18,63.496,64.01,1060865,3296,63.924975
2019-01-08 05:00:00+00:00,64.08,64.27,63.61,64.18,1385774,7315,63.901387
2019-01-09 05:00:00+00:00,64.82,65.58,64.82,65.28,1619311,3286,65.336928
2019-01-10 05:00:00+00:00,64.98,65.78,64.97,65.74,877235,5017,65.488338
2019-01-11 05:00:00+00:00,65.28,65.55,65.17,65.47,1019251,6562,65.403115
2019-01-14 05:00:00+00:00,64.63,65.03,64.48,64.73,894628,2929,64.9033
2019-01-15 05:00:00+00:00,65.28,65.7,65.21,65.34,1602568,7851,65.423621
2019-01-16 05:00:00+00:00,65.86,66.425,65.86,66.17,905948,4798,66.185276
2019-01-17 05:00:00+00:00,65.62,66.69,65.62,66.48,1278715,6971,66.220348
2019-01-18 05:00:00+00:00,66.73,67.08,66.63,66.9,915889,3114,66.923486
2019-01-22 05:00:00+00:00,65.97,66.06,65.305,65.67,3533649,14390,65.628527
2019-01-23 05:00:00+00:00,66.15,66.19,65.71,66.19,2261539,13578,66.037586
2019-01-24 05:00:00+00:00,66.29,66.84,66.28,66.82,2027230,7329,66.692672
2019-01-25 05:00:00+00:00,67.62,68.06,67.57,67.85,2348543,10567,67.866022
2019-01-28 05:00:00+00:00,66.98,67.19,66.74,67.18,1507837,6731,67.045853
2019-01-29 05:00:00+00:00,67.41,67.42,66.99,67.09,1692731,7577,67.138036
2019-01-30 05:00:00+00:00,67.59,68.5532,67.31,68.34,1637673,6996,67.864437
2019-01-31 05:00:00+00:00,68.44,69.05,68.44,68.98,1222512,4495,68.80109
2019-02-01 05:00:00+00:00,68.51,68.63,68.32,68.5,707253,3399,68.48602
2019-02-04 05:00:00+00:00,68.4,68.935,68.36,68.81,1517541,4461,68.767213
2019-02-05 05:00:00+00:00,69.1,69.83,69.055,69.76,585367,2709,69.651896
2019-02-06 05:00:00+00:00,69.78,69.78,69.03,69.16,866224,5291,69.255426
2019-02-07 05:00:00+00:00,68.63,68.91,67.89,68.49,701670,5415,68.341444
2019-02-08 05:00:00+00:00,67.97,68.3,67.8,68.24,782575,5494,68.050872
2019-02-11 05:00:00+00:00,68.49,68.5,68.17,68.19,715071,4763,68.284769
2019-02-12 05:00:00+00:00,68.65,68.83,68.55,68.7,1184769,5704,68.741995
2019-02-13 05:00:00+00:00,69.03,69.06,68.45,68.6,560195,3674,68.672958
2019-02-14 05:00:00+00:00,68.37,68.795,68.16,68.59,753962,4913,68.561053
2019-02-15 05:00:00+00:00,68.33,68.41,68.09,68.26,527538,3401,68.25138
2019-02-19 05:00:00+00:00,68.19,69.02,68.1279,68.85,778842,4655,68.785155
2019-02-20 05:00:00+00:00,69.33,69.77,69.24,69.38,1767172,7849,69.405137
2019-02-21 05:00:00+00:00,69.37,69.45,69.03,69.25,1464658,9074,69.171974
2019-02-22 05:00:00+00:00,69.88,70.15,69.75,70.02,772823,4186,69.946081
2019-02-25 05:00:00+00:00,70.77,71.06,70.71,70.82,1042307,6663,70.845021
2019-02-26 05:00:00+00:00,70.18,70.66,70.13,70.49,1560322,5221,70.550837
2019-02-27 05:00:00+00:00,70.02,70.18,69.71,69.92,968700,5734,69.94
2019-02-28 05:00:00+00:00,69.51,69.51,69.09,69.25,3756142,8458,69.385001
2019-03-01 05:00:00+00:00,69.9,69.9,69.31,69.48,502537,3665,69.561756
2019-03-04 05:00:00+00:00,69.89,69.96,69.07,69.64,1490889,9238,69.410805
2019-03-05 05:00:00+00:00,69.98,70.39,69.81,70.28,966860,4664,70.03154
2019-03-06 05:00:00+00:00,70.26,70.39,69.98,69.98,663136,3731,70.178789
2019-03-07 05:00:00+00:00,69.59,69.6,68.68,68.78,1157728,7019,69.008708
2019-03-08 05:00:00+00:00,67.82,68.21,67.71,68.13,2818512,15544,67.966556
2019-03-11 04:00:00+00:00,68.73,69.43,68.7,69.4,666555,3451,69.261516
2019-03-12 04:00:00+00:00,69.75,69.91,69.59,69.79,654305,3486,69.793605
2019-03-13 04:00:00+00:00,69.79,69.87,69.62,69.7,1390665,7606,69.759448
2019-03-14 04:00:00+00:00,69.46,69.48,69.155,69.36,698126,3986,69.302404
2019-03-15 04:00:00+00:00,70.06,70.39,69.98,70.33,776589,4397,70.271771
2019-03-18 04:00:00+00:00,70.77,70.98,70.64,70.96,1053168,6190,70.839187
2019-03-19 04:00:00+00:00,71.07,71.26,70.83,71.08,1143997,5542,71.079625
2019-03-20 04:00:00+00:00,70.79,71.5425,70.34,71.05,1285963,8261,71.031963
2019-03-21 04:00:00+00:00,70.59,71.31,70.54,71.31,1537373,7721,70.92628
2019-03-22 04:00:00+00:00,70.49,70.56,69.56,69.56,1846417,9957,69.841646
2019-03-25 04:00:00+00:00,69.38,69.82,69.33,69.61,954664,5637,69.577504
2019-03-26 04:00:00+00:00,69.85,70.06,69.53,69.8,1011734,5172,69.828096
2019-03-27 04:00:00+00:00,69.67,69.7937,69.19,69.42,660178,4281,69.492043
2019-03-28 04:00:00+00:00,69.82,69.95,69.56,69.95,861875,4909,69.808417
2019-03-29 04:00:00+00:00,70.68,70.805,70.335,70.69,2777728,8412,70.583439
2019-04-01 04:00:00+00:00,71.5,71.74,71.35,71.71,952270,5114,71.602003
2019-04-02 04:00:00+00:00,71.77,71.8,71.43,71.59,1608171,11299,71.613158
2019-04-03 04:00:00+00:00,72.21,72.71,72.1473,72.27,4247163,8531,72.46308
2019-04-04 04:00:00+00:00,72.26,72.74,72.18,72.61,3520488,13664,72.511893
2019-04-05 04:00:00+00:00,72.79,73.21,72.76,73.16,2707382,6290,73.099254
2019-04-08 04:00:00+00:00,72.66,73.02,72.56,72.97,1498491,8044,72.887596
2019-04-09 04:00:00+00:00,72.99,73.06,72.86,72.94,1150675,6452,72.946789
2019-04-10 04:00:00+00:00,73.02,73.21,72.91,73.14,929495,6060,73.109057
2019-04-11 04:00:00+00:00,72.62,72.64,72.29,72.44,968884,5029,72.40784
2019-04-12 04:00:00+00:00,73.2,73.29,73.02,73.2,775436,4648,73.128861
2019-04-15 04:00:00+00:00,72.93,72.97,72.37,72.6,1030843,5343,72.556355
2019-04-16 04:00:00+00:00,73.06,73.19,72.99,73.1,446635,2824,73.098714
2019-04-17 04:00:00+00:00,73.57,73.645,73.27,73.4,685371,3491,73.450051
2019-04-18 04:00:00+00:00,73.07,73.36,72.935,73.26,911148,4211,73.213032
2019-04-22 04:00:00+00:00,72.41,72.725,72.34,72.71,810453,3998,72.638096
2019-04-23 04:00:00+00:00,72.58,73.0389,72.57,72.94,1267539,4007,72.816148
2019-04-24 04:00:00+00:00,72.44,72.56,71.91,72.11,1663734,6441,72.165903
2019-04-25 04:00:00+00:00,71.67,71.915,71.47,71.89,1958150,5751,71.777076
2019-04-26 04:00:00+00:00,72.01,72.2,71.77,72.12,810574,4883,72.01483
2019-04-29 04:00:00+00:00,72.37,72.49,72.27,72.4,529800,2941,72.393354
2019-04-30 04:00:00+00:00,72.19,72.39,71.87,72.26,849401,4792,72.17249
2019-05-01 04:00:00+00:00,72.44,72.99,71.88,72.0,808088,6063,72.436172
2019-05-02 04:00:00+00:00,72.21,72.47,71.83,72.15,1207366,7430,72.138717
2019-05-03 04:00:00+00:00,72.73,73.1,72.65,73.01,892776,4887,72.957355
2019-05-06 04:00:00+00:00,70.62,71.49,70.555,71.32,895738,5818,71.195598
2019-05-07 04:00:00+00:00,70.66,70.71,69.495,69.89,3086820,12245,69.802841
2019-05-08 04:00:00+00:00,69.87,70.145,69.565,69.58,4128616,14014,69.823756
2019-05-09 04:00:00+00:00,68.04,68.745,67.46,68.45,3213644,17968,68.090263
2019-05-10 04:00:00+00:00,68.57,69.025,67.79,68.77,1390119,10161,68.34536
2019-05-13 04:00:00+00:00,66.75,66.91,66.13,66.43,2854698,11312,66.420924
2019-05-14 04:00:00+00:00,67.34,67.69,67.16,67.41,2159993,10407,67.493379
2019-05-15 04:00:00+00:00,67.32,67.85,67.24,67.8,1285903,6686,67.670084
2019-05-16 04:00:00+00:00,67.75,68.09,67.56,67.57,784647,3756,67.803137
2019-05-17 04:00:00+00:00,66.42,66.79,66.23,66.38,3360107,12776,66.504296
2019-05-20 04:00:00+00:00,66.04,66.16,65.67,65.76,1727891,9925,65.881017
2019-05-21 04:00:00+00:00,66.39,66.5,66.1,66.48,1053758,5812,66.333229
2019-05-22 04:00:00+00:00,66.31,66.37,66.1,66.23,541287,4048,66.232272
2019-05-23 04:00:00+00:00,65.26,65.57,65.09,65.35,1935842,10241,65.3366
2019-05-24 04:00:00+00:00,65.78,65.87,65.35,65.43,1140737,5381,65.498953
2019-05-28 04:00:00+00:00,66.07,66.19,65.545,65.56,984920,5794,65.820148
2019-05-29 04:00:00+00:00,65.3,65.72,65.19,65.65,1956729,8648,65.372523
2019-05-30 04:00:00+00:00,65.69,65.895,65.56,65.77,2054242,8179,65.769916
2019-05-31 04:00:00+00:00,65.45,65.96,65.3805,65.83,1400016,5764,65.750726
2019-06-03 04:00:00+00:00,66.39,66.68,66.24,66.37,1907786,10128,66.452148
2019-06-04 04:00:00+00:00,66.08,66.57,66.02,66.5,1124421,6053,66.259127
2019-06-05 04:00:00+00:00,66.63,66.63,65.93,66.17,891560,4748,66.213371
2019-06-06 04:00:00+00:00,66.15,66.33,65.95,66.22,1049497,5305,66.165799
2019-06-07 04:00:00+00:00,66.56,67.19,66.56,66.71,582419,4223,66.830044
2019-06-10 04:00:00+00:00,67.31,67.71,67.21,67.35,938590,4500,67.513693
2019-06-11 04:00:00+00:00,68.3,68.3499,67.88,68.08,2062972,8091,68.138407
2019-06-12 04:00:00+00:00,67.42,67.44,67.06,67.15,374310,2331,67.185861
2019-06-13 04:00:00+00:00,67.31,67.4,66.92,67.12,962142,3775,67.167918
2019-06-14 04:00:00+00:00,66.69,66.7,66.41,66.46,534231,3206,66.551653
2019-06-17 04:00:00+00:00,66.16,66.4,66.09,66.25,1071736,4625,66.279217
2019-06-18 04:00:00+00:00,67.05,68.17,67.05,67.97,734139,5067,67.954246
2019-06-19 04:00:00+00:00,68.26,68.87,68.1219,68.57,644900,4989,68.451923
2019-06-20 04:00:00+00:00,69.93,70.04,69.38,69.66,1022225,6607,69.780455
2019-06-21 04:00:00+00:00,69.28,69.47,69.19,69.27,721917,3882,69.283286
2019-06-24 04:00:00+00:00,69.37,69.455,69.2,69.32,232642,1734,69.337119
2019-06-25 04:00:00+00:00,69.07,69.09,68.62,68.65,1067780,7128,68.775759
2019-06-26 04:00:00+00:00,69.22,69.51,69.2,69.26,1023943,7446,69.365901
2019-06-27 04:00:00+00:00,69.79,69.99,69.68,69.96,2413039,7967,69.900536
2019-06-28 04:00:00+00:00,69.89,69.93,69.64,69.79,2508897,7293,69.748914
2019-07-01 04:00:00+00:00,71.05,71.225,70.48,70.74,834656,5438,70.835138
2019-07-02 04:00:00+00:00,70.81,70.9,70.54,70.77,749526,4326,70.678655
2019-07-03 04:00:00+00:00,70.4,70.45,70.24,70.45,238871,1682,70.386222
2019-07-05 04:00:00+00:00,69.85,69.89,69.53,69.88,3751374,10826,69.786352
2019-07-08 04:00:00+00:00,69.13,69.24,68.96,69.13,3111069,11955,69.087945
2019-07-09 04:00:00+00:00,68.55,68.97,68.54,68.89,1780346,7914,68.883319
2019-07-10 04:00:00+00:00,69.49,69.67,69.21,69.3,2141000,12332,69.349191
2019-07-11 04:00:00+00:00,69.51,69.53,69.13,69.29,2085782,8732,69.313953
2019-07-12 04:00:00+00:00,69.37,69.46,69.205,69.38,687808,4430,69.374975
2019-07-15 04:00:00+00:00,69.72,69.82,69.61,69.82,456163,3214,69.728647
2019-07-16 04:00:00+00:00,69.84,70.04,69.67,69.67,385027,2872,69.843076
2019-07-17 04:00:00+00:00,69.64,69.8,69.42,69.5,703061,4017,69.576587
2019-07-18 04:00:00+00:00,69.48,69.87,69.36,69.87,386136,2337,69.574403
2019-07-19 04:00:00+00:00,70.08,70.15,69.66,69.67,573769,3048,69.91805
2019-07-22 04:00:00+00:00,69.75,69.84,69.62,69.73,953069,4737,69.683307
2019-07-23 04:00:00+00:00,69.77,69.945,69.66,69.94,972094,6405,69.808651
2019-07-24 04:00:00+00:00,69.82,70.05,69.8,70.05,1068575,5744,69.949218
2019-07-25 04:00:00+00:00,69.91,69.97,69.4,69.54,825825,5814,69.547891
2019-07-26 04:00:00+00:00,69.72,69.72,69.44,69.5,879882,3818,69.552548
2019-07-29 04:00:00+00:00,69.15,69.22,68.93,69.12,554441,3699,69.074234
2019-07-30 04:00:00+00:00,68.66,68.71,68.44,68.67,399265,2959,68.578621
2019-07-31 04:00:00+00:00,68.54,68.545,67.17,67.86,2210624,16270,68.132326
2019-08-01 04:00:00+00:00,67.84,68.375,66.21,66.46,2456928,20250,66.904503
2019-08-02 04:00:00+00:00,66.06,66.23,65.55,65.65,1631667,11150,65.730934
2019-08-05 04:00:00+00:00,63.91,63.94,62.7,63.06,4305215,23226,63.274423
2019-08-06 04:00:00+00:00,64.21,64.295,63.57,63.92,2452794,13134,63.898092
2019-08-07 04:00:00+00:00,63.34,64.25,63.11,64.15,1383792,9590,63.670932
2019-08-08 04:00:00+00:00,64.69,65.055,64.485,64.98,1890763,9397,64.891258
2019-08-09 04:00:00+00:00,64.49,64.57,63.99,64.29,1739395,7299,64.233384
2019-08-12 04:00:00+00:00,63.62,63.78,63.43,63.49,1608794,10893,63.588597
2019-08-13 04:00:00+00:00,63.12,64.84,63.06,64.48,1285301,8980,64.370203
2019-08-14 04:00:00+00:00,63.23,63.41,62.74,62.74,1570766,10683,62.982524
2019-08-15 04:00:00+00:00,63.49,63.65,63.15,63.4,1079282,7726,63.378307
2019-08-16 04:00:00+00:00,64.18,64.63,64.17,64.5,1264127,6708,64.490698
2019-08-19 04:00:00+00:00,65.54,65.59,65.1,65.13,972423,5985,65.227696
2019-08-20 04:00:00+00:00,65.35,65.45,65.165,65.22,801914,6411,65.27347
2019-08-21 04:00:00+00:00,65.7,65.74,65.32,65.55,480685,3641,65.558265
2019-08-22 04:00:00+00:00,64.93,64.97,64.42,64.66,679498,4307,64.705457
2019-08-23 04:00:00+00:00,64.59,65.12,63.72,63.77,1798006,11304,64.168618
2019-08-26 04:00:00+00:00,64.32,64.37,64.04,64.31,1361714,6161,64.224782
2019-08-27 04:00:00+00:00,64.67,64.88,64.39,64.4,2216158,13398,64.58001
2019-08-28 04:00:00+00:00,64.22,64.57,64.08,64.48,1857706,6519,64.471965
2019-08-29 04:00:00+00:00,64.9,65.22,64.75,65.09,1779858,5229,65.081884
2019-08-30 04:00:00+00:00,65.42,65.495,65.02,65.28,1954668,7250,65.178055
2019-09-03 04:00:00+00:00,64.52,64.88,64.52,64.72,1460988,7784,64.728635
2019-09-04 04:00:00+00:00,65.99,66.205,65.86,66.14,2631600,9382,66.104191
2019-09-05 04:00:00+00:00,66.79,67.01,66.7,66.9,3438075,18719,66.908216
2019-09-06 04:00:00+00:00,67.23,67.3,67.06,67.19,1512170,4975,67.244407
2019-09-09 04:00:00+00:00,67.31,67.515,67.2,67.46,869568,4942,67.366404
2019-09-10 04:00:00+00:00,67.41,67.57,67.14,67.5,1029791,6751,67.405293
2019-09-11 04:00:00+00:00,67.76,68.04,67.63,67.97,1003343,6435,67.953721
2019-09-12 04:00:00+00:00,68.31,68.78,68.065,68.45,1073322,6814,68.441004
2019-09-13 04:00:00+00:00,68.82,69.035,68.71,68.92,1035307,5693,68.90065
2019-09-16 04:00:00+00:00,68.16,68.345,67.95,68.11,980944,6070,68.089669
2019-09-17 04:00:00+00:00,67.53,68.085,67.48,68.05,418333,2756,67.947589
2019-09-18 04:00:00+00:00,67.98,68.0099,67.33,67.91,754504,5516,67.795865
2019-09-19 04:00:00+00:00,67.63,67.9,67.435,67.55,438088,2327,67.728111
2019-09-20 04:00:00+00:00,68.02,68.14,67.38,67.5,754616,5051,67.727082
2019-09-23 04:00:00+00:00,67.41,67.65,67.32,67.6,888612,6992,67.540475
2019-09-24 04:00:00+00:00,67.65,67.65,66.885,66.98,3048574,13480,67.081413
2019-09-25 04:00:00+00:00,66.52,66.99,66.31,66.91,812641,6354,66.701266
2019-09-26 04:00:00+00:00,66.9,66.93,66.62,66.83,903155,5909,66.78622
2019-09-27 04:00:00+00:00,66.8,66.96,65.57,65.88,3268086,18793,65.942842
2019-09-30 04:00:00+00:00,66.49,66.72,66.3,66.32,708511,4352,66.552166
2019-10-01 04:00:00+00:00,66.47,66.47,65.81,65.95,761857,5486,66.014487
2019-10-02 04:00:00+00:00,65.47,65.665,65.31,65.64,823951,6116,65.495314
2019-10-03 04:00:00+00:00,65.92,66.44,65.73,66.4,1667616,9212,66.183196
2019-10-04 04:00:00+00:00,66.04,66.49,65.91,66.43,555132,3903,66.195678
2019-10-07 04:00:00+00:00,66.01,66.35,65.94,66.02,487964,3750,66.157713
2019-10-08 04:00:00+00:00,65.87,65.945,65.54,65.64,854855,5403,65.738177
2019-10-09 04:00:00+00:00,66.1,66.35,65.995,66.08,1817974,3712,66.265706
2019-10-10 04:00:00+00:00,66.35,66.95,66.35,66.7,806598,5394,66.736134
2019-10-11 04:00:00+00:00,67.69,68.32,67.64,67.69,2070060,10832,67.929243
2019-10-14 04:00:00+00:00,67.75,67.85,67.56,67.6,893996,2959,67.702122
2019-10-15 04:00:00+00:00,67.77,68.3,67.77,68.2,2018408,5850,68.168307
2019-10-16 04:00:00+00:00,68.25,68.49,68.125,68.33,607264,3157,68.365443
2019-10-17 04:00:00+00:00,68.92,68.92,68.57,68.71,696569,3372,68.706837
2019-10-18 04:00:00+00:00,68.44,68.52,67.99,68.11,559523,3958,68.209518
2019-10-21 04:00:00+00:00,68.51,68.79,68.45,68.79,528556,2939,68.640425
2019-10-22 04:00:00+00:00,68.78,68.9,68.59,68.68,838750,3556,68.764141
2019-10-23 04:00:00+00:00,68.29,68.58,68.26,68.58,375338,1809,68.441291
2019-10-24 04:00:00+00:00,68.83,68.83,68.58,68.71,706273,3948,68.711842
2019-10-25 04:00:00+00:00,68.57,69.15,68.57,69.12,468531,2251,68.972462
2019-10-28 04:00:00+00:00,69.43,69.83,69.43,69.65,1494086,3831,69.76683
2019-10-29 04:00:00+00:00,69.29,69.47,69.245,69.31,389218,1481,69.323576
2019-10-30 04:00:00+00:00,69.21,69.6,68.97,69.54,1012734,4060,69.24517
2019-10-31 04:00:00+00:00,69.52,69.54,68.93,69.3,589360,3843,69.114811
2019-11-01 04:00:00+00:00,70.03,70.38,70.03,70.27,483836,2643,70.265385
2019-11-04 05:00:00+00:00,71.25,71.34,71.06,71.1,532798,2902,71.189254
2019-11-05 05:00:00+00:00,71.57,71.66,71.32,71.57,1748152,5222,71.507931
2019-11-06 05:00:00+00:00,71.72,71.75,71.34,71.55,895452,3999,71.52987
2019-11-07 05:00:00+00:00,72.07,72.34,71.97,72.01,639684,3003,72.190854
2019-11-08 05:00:00+00:00,71.62,71.695,71.36,71.64,1268361,5225,71.57969
2019-11-11 05:00:00+00:00,70.52,70.85,70.35,70.82,1079831,4534,70.755627
2019-11-12 05:00:00+00:00,70.64,70.73,70.33,70.47,2760219,5799,70.624572
2019-11-13 05:00:00+00:00,69.67,69.92,69.59,69.8,652576,4224,69.763217
2019-11-14 05:00:00+00:00,69.71,69.82,69.41,69.67,2082239,7367,69.585895
2019-11-15 05:00:00+00:00,70.09,70.25,70.01,70.1,449198,3404,70.146755
2019-11-18 05:00:00+00:00,70.31,70.45,70.07,70.21,755012,3301,70.231696
2019-11-19 05:00:00+00:00,70.8,70.8,70.45,70.57,615938,3234,70.568572
2019-11-20 05:00:00+00:00,70.26,70.4,69.86,70.03,602973,3539,70.198925
2019-11-21 05:00:00+00:00,69.69,69.82,69.53,69.82,649143,3899,69.675553
2019-11-22 05:00:00+00:00,69.91,69.92,69.61,69.8,353486,2626,69.752774
2019-11-25 05:00:00+00:00,70.48,70.83,70.42,70.8,1413411,2833,70.738327
2019-11-26 05:00:00+00:00,70.52,70.81,70.36,70.81,1094758,5507,70.500669
2019-11-27 05:00:00+00:00,70.75,70.97,70.64,70.88,419994,2810,70.834033
2019-11-29 05:00:00+00:00,69.69,69.785,69.565,69.65,372360,2254,69.652604
2019-12-02 05:00:00+00:00,69.72,69.81,69.275,69.44,2421936,7441,69.393048
2019-12-03 05:00:00+00:00,68.72,69.03,68.46,69.0,906976,5595,68.776297
2019-12-04 05:00:00+00:00,69.47,69.56,69.39,69.43,531007,3039,69.46488
2019-12-05 05:00:00+00:00,69.53,69.84,69.51,69.71,634868,2968,69.724719
2019-12-06 05:00:00+00:00,70.23,70.26,70.09,70.24,509378,3001,70.182063
2019-12-09 05:00:00+00:00,70.06,70.24,69.78,69.82,355971,2162,69.969214
2019-12-10 05:00:00+00:00,70.02,70.21,69.88,70.13,1819523,5081,70.131564
2019-12-11 05:00:00+00:00,70.46,71.05,70.43,70.92,1047292,5978,70.806857
2019-12-12 05:00:00+00:00,71.22,72.455,71.22,72.4,1333473,9946,72.066554
2019-12-13 05:00:00+00:00,72.61,73.11,72.25,72.42,1469950,8042,72.492499
2019-12-16 05:00:00+00:00,72.01,72.18,71.9,72.02,1848493,5646,72.07977
2019-12-17 05:00:00+00:00,72.57,72.79,72.47,72.61,330120,2902,72.651546
2019-12-18 05:00:00+00:00,72.83,72.98,72.76,72.95,1797821,4568,72.88133
2019-12-19 05:00:00+00:00,72.59,72.85,72.57,72.77,563531,3586,72.736195
2019-12-20 05:00:00+00:00,72.98,73.125,72.885,73.0,575467,3706,72.999592
2019-12-23 05:00:00+00:00,72.96,73.03,72.81,73.03,244800,1815,72.938496
2019-12-24 05:00:00+00:00,72.88,72.9,72.72,72.81,119265,969,72.811698
2019-12-26 05:00:00+00:00,73.1,73.31,72.94,73.26,182229,1365,73.241809
2019-12-27 05:00:00+00:00,73.82,73.93,73.54,73.7,2165636,8302,73.669781
2019-12-30 05:00:00+00:00,73.86,73.86,73.17,73.26,517624,2797,73.383113
2019-12-31 05:00:00+00:00,73.26,73.53,73.16,73.5,213782,1823,73.37254
2020-01-02 05:00:00+00:00,74.3,74.96,74.3,74.91,840918,3716,74.720389
2020-01-03 05:00:00+00:00,73.81,74.155,73.62,73.72,947057,5564,73.869939
2020-01-06 05:00:00+00:00,73.14,73.48,73.06,73.42,413689,2865,73.371817
2020-01-07 05:00:00+00:00,73.58,73.74,73.4,73.68,580108,3249,73.633225
2020-01-08 05:00:00+00:00,73.44,74.27,73.38,73.84,1311292,6407,74.020133
2020-01-09 05:00:00+00:00,74.71,74.74,74.45,74.58,2997732,7777,74.577105
2020-01-10 05:00:00+00:00,75.01,75.265,74.89,75.05,1304894,3361,75.085468
2020-01-13 05:00:00+00:00,75.74,76.44,75.59,76.35,962194,5548,76.186608
2020-01-14 05:00:00+00:00,75.95,75.98,75.61,75.94,1099975,8053,75.860856
2020-01-15 05:00:00+00:00,75.51,75.66,75.255,75.45,1509944,3632,75.484495
2020-01-16 05:00:00+00:00,75.88,75.98,75.72,75.85,296992,2166,75.839597
2020-01-17 05:00:00+00:00,76.15,76.23,75.94,76.23,1091550,3916,76.120743
2020-01-21 05:00:00+00:00,74.28,74.45,74.03,74.18,1418771,7756,74.204309
2020-01-22 05:00:00+00:00,74.9,74.925,74.41,74.55,1057062,6541,74.615661
2020-01-23 05:00:00+00:00,73.4,73.91,73.025,73.79,3273321,10960,73.38198
2020-01-24 05:00:00+00:00,73.8,73.88,72.79,73.17,985092,6667,73.221116
2020-01-27 05:00:00+00:00,69.84,71.01,69.57,70.68,1037100,7637,70.588761
2020-01-28 05:00:00+00:00,70.84,71.31,70.53,71.1,1202675,9007,71.089112
2020-01-29 05:00:00+00:00,71.71,71.78,71.355,71.53,945552,5571,71.579805
2020-01-30 05:00:00+00:00,69.88,70.45,69.52,70.37,1646176,11252,69.961536
2020-01-31 05:00:00+00:00,69.29,69.3065,68.52,68.87,2805464,11807,68.810912
2020-02-03 05:00:00+00:00,69.21,69.87,69.17,69.67,948876,5559,69.624049
2020-02-04 05:00:00+00:00,71.53,72.0,71.52,71.72,974788,4919,71.777703
2020-02-05 05:00:00+00:00,72.89,72.89,71.84,72.0,1459278,7795,72.103159
2020-02-06 05:00:00+00:00,72.79,72.95,72.365,72.45,805111,4316,72.536734
2020-02-07 05:00:00+00:00,71.7,71.785,71.28,71.4,508516,3536,71.507293
2020-02-10 05:00:00+00:00,71.62,72.17,71.62,72.17,2484135,7074,71.9578
2020-02-11 05:00:00+00:00,72.88,73.28,72.81,72.94,1775564,6653,73.024277
2020-02-12 05:00:00+00:00,73.69,74.05,73.53,73.99,771260,4485,73.899878
2020-02-13 05:00:00+00:00,73.18,73.46,72.97,73.08,1576071,9264,73.221424
2020-02-14 05:00:00+00:00,73.4,73.45,72.87,73.11,366997,2825,73.095789
2020-02-18 05:00:00+00:00,72.59,72.8,72.47,72.58,921266,4420,72.636737
2020-02-19 05:00:00+00:00,73.12,73.27,73.035,73.08,491963,3374,73.124648
2020-02-20 05:00:00+00:00,72.48,72.505,71.66,71.84,3066418,8161,72.041868
2020-02-21 05:00:00+00:00,71.8,71.9,71.4,71.47,1372416,6771,71.564504
2020-02-24 05:00:00+00:00,68.67,69.435,68.67,68.98,1900616,11063,69.140262
2020-02-25 05:00:00+00:00,70.11,70.25,68.78,68.78,1235621,10450,69.311863
2020-02-26 05:00:00+00:00,69.64,70.13,69.31,69.35,1562570,12752,69.700374
2020-02-27 05:00:00+00:00,69.0,69.45,68.19,68.28,1803450,13668,68.78915
2020-02-28 05:00:00+00:00,66.53,68.34,66.07,68.34,5505076,29202,67.094318
2020-03-02 05:00:00+00:00,68.32,69.31,67.86,69.31,3489603,16419,68.464232
2020-03-03 05:00:00+00:00,69.29,70.12,68.39,68.89,1910599,13754,69.29043
2020-03-04 05:00:00+00:00,69.89,70.16,69.58,70.07,868603,5967,69.83665
2020-03-05 05:00:00+00:00,69.81,70.11,68.98,69.0,1652889,8152,69.334625
2020-03-06 05:00:00+00:00,68.18,68.36,67.43,68.09,1706291,11675,67.83082
2020-03-09 04:00:00+00:00,63.95,65.75,63.94,64.79,2761277,22563,64.857966
2020-03-10 04:00:00+00:00,66.87,67.375,65.78,67.29,5463479,25420,66.818891
2020-03-11 04:00:00+00:00,65.55,65.84,64.53,64.62,2961410,22153,65.134979
2020-03-12 04:00:00+00:00,59.48,60.0,57.51,58.83,4046698,13354,58.776365
2020-03-13 04:00:00+00:00,63.31,63.67,59.92,62.52,2631298,8086,61.589868
2020-03-16 04:00:00+00:00,55.59,58.07,53.89,55.41,1835655,5599,56.583154
2020-03-17 04:00:00+00:00,56.68,58.84,55.93,58.56,1878518,7452,58.005544
2020-03-18 04:00:00+00:00,54.72,55.95,53.37,54.6,1602643,8263,54.608227
2020-03-19 04:00:00+00:00,53.91,55.0,53.13,54.01,2132281,13830,54.271838
2020-03-20 04:00:00+00:00,56.84,56.96,54.85,55.0,5204442,22298,55.880047
2020-03-23 04:00:00+00:00,54.57,54.59,52.95,53.81,1296094,8183,53.85888
2020-03-24 04:00:00+00:00,56.83,57.58,56.7,57.55,1122192,6808,57.184176
2020-03-25 04:00:00+00:00,58.71,60.02,58.1644,59.39,3566000,20077,59.394483
2020-03-26 04:00:00+00:00,59.62,61.59,59.48,61.35,1985737,11591,60.813294
2020-03-27 04:00:00+00:00,58.33,59.18,58.02,58.29,1237136,8907,58.424819
2020-03-30 04:00:00+00:00,58.56,59.43,58.13,59.43,1109826,6078,58.964022
2020-03-31 04:00:00+00:00,59.51,60.31,59.35,59.72,1123530,6693,59.731529
2020-04-01 04:00:00+00:00,58.04,58.36,57.07,57.07,2005431,7682,57.389925
2020-04-02 04:00:00+00:00,58.15,59.17,58.105,59.02,1942254,8625,58.630237
2020-04-03 04:00:00+00:00,58.88,59.08,57.79,58.09,1397796,4793,58.175996
2020-04-06 04:00:00+00:00,60.16,61.04,59.98,61.0,2624457,12189,60.686448
2020-04-07 04:00:00+00:00,62.8,62.8,61.13,61.27,2170625,13801,61.799477
2020-04-08 04:00:00+00:00,61.36,61.77,60.87,61.72,940454,7124,61.441394
2020-04-09 04:00:00+00:00,62.04,62.492,61.345,61.35,1119748,7540,61.864173
2020-04-13 04:00:00+00:00,61.57,61.73,61.07,61.68,1039424,6596,61.430528
2020-04-14 04:00:00+00:00,62.98,63.42,62.79,63.1,1644828,5679,63.105164
2020-04-15 04:00:00+00:00,61.88,62.06,61.48,61.75,1245959,5693,61.723111
2020-04-16 04:00:00+00:00,62.5,62.59,62.07,62.33,1030857,5501,62.311187
2020-04-17 04:00:00+00:00,63.85,63.94,63.253,63.7,936569,5183,63.552748
2020-04-20 04:00:00+00:00,63.22,63.7199,62.94,63.03,940476,4957,63.35247
2020-04-21 04:00:00+00:00,61.76,61.895,61.2,61.2,663091,3870,61.411811
2020-04-22 04:00:00+00:00,62.92,63.01,62.76,62.87,556157,3484,62.84393
2020-04-23 04:00:00+00:00,63.19,63.62,62.59,62.66,1039207,5769,63.149204
2020-04-24 04:00:00+00:00,62.81,62.81,62.22,62.75,652517,3421,62.58264
2020-04-27 04:00:00+00:00,63.49,63.91,63.3197,63.86,607689,4140,63.719016
2020-04-28 04:00:00+00:00,64.66,64.67,63.71,63.71,1952747,7658,64.068772
2020-04-29 04:00:00+00:00,64.68,65.32,64.56,65.2,2189485,6285,65.052875
2020-04-30 04:00:00+00:00,65.07,65.35,63.71,63.99,974966,4997,64.422919
2020-05-01 04:00:00+00:00,62.62,62.66,61.66,61.8,934619,4767,62.029596
2020-05-04 04:00:00+00:00,62.18,62.51,61.91,62.51,586447,3418,62.166345
2020-05-05 04:00:00+00:00,63.0,63.26,62.74,62.75,2014933,5915,62.868445
2020-05-06 04:00:00+00:00,63.35,63.39,62.73,62.81,2109757,8023,62.970444
2020-05-07 04:00:00+00:00,63.41,63.53,63.0575,63.4,860547,5927,63.319588
2020-05-08 04:00:00+00:00,64.11,64.69,63.99,64.55,1133933,3575,64.468412
2020-05-11 04:00:00+00:00,64.17,64.59,64.11,64.26,621929,2968,64.361379
2020-05-12 04:00:00+00:00,64.6,65.175,64.09,64.12,3183167,14572,64.692665
2020-05-13 04:00:00+00:00,64.71,64.92,63.63,64.1,1487276,10174,63.97061
2020-05-14 04:00:00+00:00,62.81,64.11,62.58,64.03,690196,5118,63.345993
2020-05-15 04:00:00+00:00,63.04,63.36,62.85,63.21,604418,4864,63.125931
2020-05-18 04:00:00+00:00,64.47,65.53,64.47,65.34,1282134,6658,65.103044
2020-05-19 04:00:00+00:00,65.23,65.59,64.915,64.92,717427,3877,65.252993
2020-05-20 04:00:00+00:00,65.84,66.07,65.25,65.61,1158972,5436,65.733982
2020-05-21 04:00:00+00:00,64.85,64.99,64.18,64.35,793385,5064,64.477053
2020-05-22 04:00:00+00:00,63.19,63.19,62.58,62.72,693879,5175,62.778178
2020-05-26 04:00:00+00:00,64.4,64.61,63.8,63.9,1188551,5538,64.280612
2020-05-27 04:00:00+00:00,63.96,64.01,63.175,63.73,870264,4575,63.552608
2020-05-28 04:00:00+00:00,63.91,64.24,63.37,63.45,1207957,5517,63.735976
2020-05-29 04:00:00+00:00,63.9,64.76,63.53,64.67,982550,5524,64.016515
2020-06-01 04:00:00+00:00,65.28,66.16,65.22,66.09,795566,5509,65.837088
2020-06-02 04:00:00+00:00,66.9,67.77,66.87,67.66,1072297,5925,67.446841
2020-06-03 04:00:00+00:00,68.43,69.18,68.37,69.08,2134175,9651,68.821194
2020-06-04 04:00:00+00:00,68.25,68.675,67.87,68.13,1687318,7932,68.200047
2020-06-05 04:00:00+00:00,69.76,70.27,69.7,69.85,4575193,18039,69.901384
2020-06-08 04:00:00+00:00,69.66,70.03,69.22,70.02,1180919,4851,69.480297
2020-06-09 04:00:00+00:00,69.06,69.74,68.99,69.61,1081955,6999,69.431217
2020-06-10 04:00:00+00:00,70.0,70.55,69.64,70.45,1202956,6458,70.185083
2020-06-11 04:00:00+00:00,68.3,68.61,66.94,66.97,3092690,15436,67.686547
2020-06-12 04:00:00+00:00,68.57,68.67,67.4,68.26,1678000,10495,68.036489
2020-06-15 04:00:00+00:00,66.54,67.75,66.24,67.46,1004395,6792,67.042192
2020-06-16 04:00:00+00:00,69.02,69.055,67.59,68.14,1517481,9147,68.31094
2020-06-17 04:00:00+00:00,68.54,68.95,68.5,68.67,759586,5295,68.729792
2020-06-18 04:00:00+00:00,68.64,69.06,68.64,68.91,2335072,8894,68.820093
2020-06-19 04:00:00+00:00,69.69,69.69,68.59,68.7,1041741,6497,68.966642
2020-06-22 04:00:00+00:00,69.15,69.77,69.03,69.71,988964,6411,69.61101
2020-06-23 04:00:00+00:00,70.37,70.69,70.28,70.35,830780,5913,70.495601
2020-06-24 04:00:00+00:00,70.08,70.33,69.17,69.62,953283,7270,69.663375
2020-06-25 04:00:00+00:00,69.36,69.79,69.1,69.79,455745,4150,69.512707
2020-06-26 04:00:00+00:00,69.78,69.78,68.86,69.2,492938,4216,69.198851
2020-06-29 04:00:00+00:00,69.05,69.38,68.715,69.38,1165717,4246,69.099758
2020-06-30 04:00:00+00:00,69.31,69.45,68.85,69.17,934888,5931,69.169523
2020-07-01 04:00:00+00:00,69.64,70.18,69.56,69.88,743390,5347,69.865478
2020-07-02 04:00:00+00:00,71.45,71.96,71.38,71.71,1491266,6865,71.705283
2020-07-06 04:00:00+00:00,74.51,75.28,74.44,75.27,1651784,9158,74.873841
2020-07-07 04:00:00+00:00,74.11,74.5,73.79,73.84,961803,6455,74.15886
2020-07-08 04:00:00+00:00,74.67,75.77,74.64,75.76,1539373,13039,75.349234
2020-07-09 04:00:00+00:00,76.24,76.38,74.99,75.65,2798867,19236,75.666059
2020-07-10 04:00:00+00:00,75.25,75.3,74.65,75.09,2988004,12442,74.899166
2020-07-13 04:00:00+00:00,75.68,76.19,74.62,74.74,1453658,6897,75.71936
2020-07-14 04:00:00+00:00,73.9,74.9,73.73,74.72,989462,8696,74.454056
2020-07-15 04:00:00+00:00,75.01,75.16,74.53,74.83,604350,7878,74.90274
2020-07-16 04:00:00+00:00,73.22,73.59,72.96,73.45,1207158,5983,73.280746
2020-07-17 04:00:00+00:00,74.02,74.12,73.6,73.94,936456,6764,73.860788
2020-07-20 04:00:00+00:00,74.37,74.91,74.11,74.82,680516,4488,74.613178
2020-07-21 04:00:00+00:00,75.98,75.98,75.39,75.39,896286,6001,75.690269
2020-07-22 04:00:00+00:00,75.17,75.19,74.442,74.76,635657,4293,74.736597
2020-07-23 04:00:00+00:00,74.86,75.145,74.03,74.42,695500,4202,74.507033
2020-07-24 04:00:00+00:00,73.48,74.18,73.41,74.18,1450299,11707,73.956466
2020-07-27 04:00:00+00:00,74.54,75.23,74.41,75.17,2255688,5636,75.043122
2020-07-28 04:00:00+00:00,75.05,75.13,74.49,74.58,1333452,3918,74.811838
2020-07-29 04:00:00+00:00,75.21,75.97,75.21,75.82,681846,3608,75.645388
2020-07-30 04:00:00+00:00,75.03,75.22,74.34,75.17,1319073,8871,74.968574
2020-07-31 04:00:00+00:00,75.15,75.21,74.17,74.84,569639,4836,74.645133
2020-08-03 04:00:00+00:00,75.1,75.56,75.06,75.4,1681136,4871,75.310984
2020-08-04 04:00:00+00:00,75.95,76.61,75.95,76.57,1290410,8693,76.223687
2020-08-05 04:00:00+00:00,77.09,77.6,77.09,77.34,744125,3969,77.395992
2020-08-06 04:00:00+00:00,77.13,77.59,76.86,77.59,1477977,6525,77.23433
2020-08-07 04:00:00+00:00,76.24,76.49,75.62,76.01,1107554,6158,76.036008
2020-08-10 04:00:00+00:00,76.17,76.32,75.68,76.25,1242821,7876,76.166471
2020-08-11 04:00:00+00:00,76.7,76.88,75.975,76.03,1507493,8196,76.422745
2020-08-12 04:00:00+00:00,76.81,77.435,76.72,77.2,725903,5322,77.165155
2020-08-13 04:00:00+00:00,76.93,77.08,76.55,76.84,514026,4762,76.85509
2020-08-14 04:00:00+00:00,76.62,76.74,76.48,76.69,1305757,4911,76.627556
2020-08-17 04:00:00+00:00,77.32,77.85,77.24,77.78,502460,4201,77.642398
2020-08-18 04:00:00+00:00,77.61,77.74,77.08,77.62,560946,5139,77.488755
2020-08-19 04:00:00+00:00,77.25,77.25,76.65,76.75,732832,4730,76.932083
2020-08-20 04:00:00+00:00,75.44,76.37,75.3,76.36,1122066,8813,75.931877
2020-08-21 04:00:00+00:00,76.34,77.03,76.16,76.94,524096,4207,76.704769
2020-08-24 04:00:00+00:00,78.1,78.23,77.58,77.91,1029693,6012,77.866676
2020-08-25 04:00:00+00:00,78.12,78.87,78.03,78.87,1504379,8000,78.607828
2020-08-26 04:00:00+00:00,78.935,79.15,78.66,79.06,634994,4191,78.962463
2020-08-27 04:00:00+00:00,79.03,79.12,78.07,78.4,1030164,4833,78.534168
2020-08-28 04:00:00+00:00,78.93,79.37,78.81,79.29,656516,4644,79.109613
2020-08-31 04:00:00+00:00,77.87,78.0,77.1799,77.76,3398860,13961,77.671393
2020-09-01 04:00:00+00:00,78.37,79.07,78.34,79.07,3881671,8605,78.513761
2020-09-02 04:00:00+00:00,79.17,79.17,78.285,79.07,2595754,13316,78.764179
2020-09-03 04:00:00+00:00,78.45,78.45,76.875,77.37,1772717,12363,77.508383
2020-09-04 04:00:00+00:00,77.43,77.77,75.96,77.38,1675271,13084,77.068013
2020-09-08 04:00:00+00:00,76.1,76.68,75.84,76.0,845795,6344,76.268724
2020-09-09 04:00:00+00:00,76.6,77.11,76.43,76.98,938666,6046,76.886357
2020-09-10 04:00:00+00:00,76.94,77.05,75.72,75.76,988829,7848,76.169034
2020-09-11 04:00:00+00:00,76.74,77.0,76.15,76.56,963794,8581,76.56817
2020-09-14 04:00:00+00:00,77.44,77.76,77.39,77.64,634750,4747,77.612424
2020-09-15 04:00:00+00:00,78.6,78.75,78.45,78.56,800075,5030,78.639243
2020-09-16 04:00:00+00:00,78.75,78.9631,78.38,78.4,1008407,6376,78.605054
2020-09-17 04:00:00+00:00,77.46,78.08,77.46,77.95,1541993,11902,77.895021
2020-09-18 04:00:00+00:00,78.2,78.2,77.52,77.62,1147401,7208,77.904618
2020-09-21 04:00:00+00:00,76.44,77.14,76.0,77.14,759513,5564,76.579979
2020-09-22 04:00:00+00:00,76.68,76.7,75.845,76.48,1250491,7992,76.240749
2020-09-23 04:00:00+00:00,76.34,76.43,75.42,75.58,1091668,7466,75.71198
2020-09-24 04:00:00+00:00,74.31,75.31,74.18,74.86,1582791,8247,74.785272
2020-09-25 04:00:00+00:00,74.42,75.04,73.96,74.95,625074,4125,74.42023
2020-09-28 04:00:00+00:00,76.02,76.14,75.69,76.06,396806,3318,75.906491
2020-09-29 04:00:00+00:00,75.83,76.22,75.75,75.96,396364,3018,75.973518
2020-09-30 04:00:00+00:00,76.5,77.39,76.49,77.17,848122,5215,77.144287
2020-10-01 04:00:00+00:00,77.94,78.16,77.49,78.05,1319956,7860,77.829225
2020-10-02 04:00:00+00:00,76.84,77.82,76.84,77.19,787207,6324,77.380607
2020-10-05 04:00:00+00:00,77.56,78.06,77.56,78.06,535877,4445,77.866723
2020-10-06 04:00:00+00:00,78.23,78.81,78.07,78.18,1587024,8913,78.435726
2020-10-07 04:00:00+00:00,79.05,79.42,78.87,79.29,1558191,7492,79.230798
2020-10-08 04:00:00+00:00,79.5241,79.77,79.33,79.65,1067116,5252,79.613861
2020-10-09 04:00:00+00:00,79.73,80.3,79.615,80.12,755852,4086,80.059122
2020-10-12 04:00:00+00:00,80.57,81.06,80.43,80.93,521484,3971,80.818936
2020-10-13 04:00:00+00:00,80.64,80.775,80.32,80.67,789791,5098,80.552437
2020-10-14 04:00:00+00:00,80.57,80.74,80.03,80.08,693611,6449,80.376759
2020-10-15 04:00:00+00:00,78.81,79.44,78.64,79.3,1392648,7250,79.227289
2020-10-16 04:00:00+00:00,79.69,79.95,79.445,79.64,749256,4090,79.75349
2020-10-19 04:00:00+00:00,79.89,80.27,79.34,79.49,636399,4285,79.777934
2020-10-20 04:00:00+00:00,79.97,80.64,79.75,80.18,2051350,12436,80.310308
2020-10-21 04:00:00+00:00,80.36,80.87,80.32,80.47,1392367,5563,80.627083
2020-10-22 04:00:00+00:00,80.51,80.74,80.01,80.32,602193,3387,80.396644
2020-10-23 04:00:00+00:00,80.34,80.795,80.025,80.79,620980,2777,80.473443
2020-10-26 04:00:00+00:00,79.85,80.38,79.25,79.89,725904,4980,79.882435
2020-10-27 04:00:00+00:00,80.11,80.55,79.88,80.45,760965,5532,80.348234
2020-10-28 04:00:00+00:00,79.38,79.46,78.67,78.76,1472661,11012,79.024838
2020-10-29 04:00:00+00:00,79.36,79.98,79.1,79.65,779897,6535,79.622868
2020-10-30 04:00:00+00:00,79.03,79.1,78.25,78.6,1481751,10124,78.524009
2020-11-02 05:00:00+00:00,79.54,79.74,79.055,79.74,1149440,6430,79.418566
2020-11-03 05:00:00+00:00,79.7,80.199,79.36,79.92,896925,6592,79.802453
2020-11-04 05:00:00+00:00,80.93,82.81,80.93,82.58,2236775,15063,82.257574
2020-11-05 05:00:00+00:00,83.9,84.0,83.03,83.69,2815862,10838,83.490475
2020-11-06 05:00:00+00:00,83.53,84.09,83.1601,83.81,1856670,6913,83.59736
2020-11-09 05:00:00+00:00,86.4,86.4,84.155,84.21,1971393,12778,84.82166
2020-11-10 05:00:00+00:00,83.85,83.99,82.76,83.2,1832474,12679,83.371522
2020-11-11 05:00:00+00:00,83.06,83.83,82.89,83.72,989119,8259,83.51921
2020-11-12 05:00:00+00:00,83.95,84.28,83.045,83.27,1548611,8155,83.815398
2020-11-13 05:00:00+00:00,84.41,84.5,83.87,84.33,774918,7759,84.227267
2020-11-16 05:00:00+00:00,85.16,85.67,85.08,85.32,1816507,9018,85.284607
2020-11-17 05:00:00+00:00,84.91,85.41,84.755,85.18,2079984,8006,85.188655
2020-11-18 05:00:00+00:00,85.55,85.55,84.94,84.97,1078455,8931,85.221093
2020-11-19 05:00:00+00:00,84.59,85.21,84.43,85.09,1424376,7773,85.038223
2020-11-20 05:00:00+00:00,85.52,86.01,85.34,85.77,643803,5260,85.728076
2020-11-23 05:00:00+00:00,86.63,86.63,85.75,85.9,1400404,8248,85.997623
2020-11-24 05:00:00+00:00,86.68,87.02,86.17,86.99,2530411,13921,86.765392
2020-11-25 05:00:00+00:00,86.11,86.35,85.83,86.31,1133509,6833,86.095791
2020-11-27 05:00:00+00:00,87.16,87.43,86.99,87.28,538224,3582,87.203526
2020-11-30 05:00:00+00:00,85.8,85.93,84.87,84.96,1177270,8610,85.293852
2020-12-01 05:00:00+00:00,86.32,86.54,85.83,86.2,1270091,7871,86.294055
2020-12-02 05:00:00+00:00,86.26,86.46,85.8,86.33,726790,4247,86.229846
2020-12-03 05:00:00+00:00,87.12,87.56,86.95,87.19,869412,5705,87.28829
2020-12-04 05:00:00+00:00,87.8,88.06,87.68,88.06,975576,4326,87.949249
2020-12-07 05:00:00+00:00,87.78,88.132,87.69,87.88,1190097,6665,87.947309
2020-12-08 05:00:00+00:00,87.74,87.95,87.45,87.94,1016417,6505,87.849591
2020-12-09 05:00:00+00:00,88.38,88.38,86.88,87.26,1507648,9995,87.417935
2020-12-10 05:00:00+00:00,87.2,88.23,87.08,88.11,1340198,6825,88.021237
2020-12-11 05:00:00+00:00,87.69,87.781,87.36,87.51,2195934,8606,87.588155
2020-12-14 05:00:00+00:00,87.07,87.12,86.47,86.47,1886251,7700,86.71518
2020-12-15 05:00:00+00:00,86.82,87.24,86.51,87.23,511785,4253,86.858806
2020-12-16 05:00:00+00:00,87.55,87.75,87.35,87.51,1073403,6848,87.55537
2020-12-17 05:00:00+00:00,88.0,88.07,87.73,88.07,976066,4338,87.915921
2020-12-18 05:00:00+00:00,87.89,87.94,87.58,87.85,1062419,4474,87.749744
2020-12-21 05:00:00+00:00,86.39,87.19,86.13,86.91,1479282,6716,86.869048
2020-12-22 05:00:00+00:00,86.64,86.7,86.02,86.24,1103069,6379,86.257767
2020-12-23 05:00:00+00:00,87.17,87.225,86.82,87.17,2184729,11346,87.093691
2020-12-24 05:00:00+00:00,86.77,87.09,86.23,86.76,633614,4791,86.690118
2020-12-28 05:00:00+00:00,87.15,87.28,86.81,86.95,839526,6589,87.011473
2020-12-29 05:00:00+00:00,87.98,88.22,87.53,88.16,1181691,8669,87.98253
2020-12-30 05:00:00+00:00,89.5,89.94,89.34,89.7,790788,6941,89.735174
2020-12-31 05:00:00+00:00,90.11,90.12,89.11,89.61,950680,7236,89.500054
2021-01-04 05:00:00+00:00,91.24,91.55,90.06,90.43,1163479,8421,90.829492
2021-01-05 05:00:00+00:00,91.47,92.72,91.47,92.65,1247699,9396,92.415512
2021-01-06 05:00:00+00:00,92.01,92.7398,91.39,91.64,1613044,13645,92.104298
2021-01-07 05:00:00+00:00,92.19,92.67,91.74,92.56,1758324,11739,92.400855
2021-01-08 05:00:00+00:00,94.27,95.14,93.841,95.14,1811364,8695,94.623319
2021-01-11 05:00:00+00:00,94.22,94.4,93.89,94.02,2402748,7584,94.176808
2021-01-12 05:00:00+00:00,94.71,95.035,94.36,94.68,1776816,9201,94.741769
2021-01-13 05:00:00+00:00,95.03,95.51,94.59,95.06,639760,5080,94.993497
2021-01-14 05:00:00+00:00,96.08,96.42,95.69,95.83,1037771,6689,96.060335
2021-01-15 05:00:00+00:00,94.965,95.2,94.46,94.73,1309253,9267,94.893737
2021-01-19 05:00:00+00:00,97.01,97.1,96.5,96.57,1293242,7772,96.6778
2021-01-20 05:00:00+00:00,98.39,98.615,97.94,98.57,1155447,7606,98.354094
2021-01-21 05:00:00+00:00,99.01,99.0899,98.36,99.0,1507446,7558,98.66701
2021-01-22 05:00:00+00:00,97.55,98.36,97.448,98.14,607514,4437,97.961676
2021-01-25 05:00:00+00:00,99.29,99.59,98.22,99.19,673956,4724,98.928177
2021-01-26 05:00:00+00:00,98.13,98.22,97.62,98.18,691633,5339,97.916796
2021-01-27 05:00:00+00:00,96.09,96.48,95.302,95.32,953299,5377,95.79357
2021-01-28 05:00:00+00:00,94.64,96.245,94.5,95.89,1309574,6880,95.753372
2021-01-29 05:00:00+00:00,94.05,94.46,93.15,93.52,1113698,7444,93.78116
2021-02-01 05:00:00+00:00,95.72,96.32,95.2,96.28,743447,5233,95.814221
2021-02-02 05:00:00+00:00,97.67,97.73,97.14,97.5,1417465,7673,97.535585
2021-02-03 05:00:00+00:00,98.19,98.308,97.65,98.11,1507162,8088,98.082759
2021-02-04 05:00:00+00:00,97.8,98.0,97.23,98.0,637321,3673,97.635089
2021-02-05 05:00:00+00:00,98.31,98.73,97.95,98.73,1203633,7888,98.479979
2021-02-08 05:00:00+00:00,98.5,99.02,98.39,99.02,1502568,9507,98.830047
2021-02-09 05:00:00+00:00,99.28,100.18,99.08,100.08,802159,6455,99.81566
2021-02-10 05:00:00+00:00,101.06,101.21,99.78,100.37,1380525,10144,100.498855
2021-02-11 05:00:00+00:00,101.4,102.03,101.29,101.69,618669,4156,101.791673
2021-02-12 05:00:00+00:00,101.33,101.92,101.13,101.7,674292,2669,101.633898
2021-02-16 05:00:00+00:00,102.29,102.44,101.62,101.83,901726,5375,101.947722
2021-02-17 05:00:00+00:00,101.89,102.1,101.4,102.08,882182,4780,101.8201
2021-02-18 05:00:00+00:00,100.38,100.53,99.389,100.42,1414201,6982,99.996982
2021-02-19 05:00:00+00:00,101.2,101.66,100.94,101.2,868104,4673,101.269323
2021-02-22 05:00:00+00:00,98.82,99.28,98.26,98.3,1634798,9607,98.919095
2021-02-23 05:00:00+00:00,97.61,99.1,96.77,98.76,1742416,12682,98.068288
2021-02-24 05:00:00+00:00,97.34,97.72,96.25,97.66,3582954,15254,97.378472
2021-02-25 05:00:00+00:00,98.1,98.16,95.79,95.98,908396,6876,96.91744
2021-02-26 05:00:00+00:00,95.1,95.27,93.88,94.65,1621546,10070,94.782297
2021-03-01 05:00:00+00:00,96.56,97.47,96.3,97.34,582300,3735,97.024755
2021-03-02 05:00:00+00:00,96.59,96.59,95.82,95.93,1029174,6726,96.262125
2021-03-03 05:00:00+00:00,97.03,97.23,95.59,95.62,2076111,10941,96.09703
2021-03-04 05:00:00+00:00,95.22,95.58,92.85,93.39,931327,6629,94.08867
2021-03-05 05:00:00+00:00,94.65,94.65,92.54,94.46,597123,4439,93.808731
2021-03-08 05:00:00+00:00,92.72,92.7999,91.59,91.61,1053101,7906,92.028266
2021-03-09 05:00:00+00:00,92.88,94.26,92.88,93.78,743684,4548,93.756367
2021-03-10 05:00:00+00:00,94.22,94.22,92.79,93.18,1386951,7985,93.39872
2021-03-11 05:00:00+00:00,95.38,96.15,94.99,96.07,625157,5412,95.66178
2021-03-12 05:00:00+00:00,93.9,94.17,93.45,94.07,1289490,7049,93.96484
2021-03-15 04:00:00+00:00,93.72,94.4,93.44,94.4,670557,4427,94.052149
2021-03-16 04:00:00+00:00,94.75,95.1,94.4,94.87,335495,2487,94.795863
2021-03-17 04:00:00+00:00,93.78,95.19,93.49,94.88,534574,2365,93.981113
2021-03-18 04:00:00+00:00,94.32,94.39,93.31,93.45,599046,3060,93.919533
2021-03-19 04:00:00+00:00,93.48,94.37,93.12,94.3,450016,4112,94.058464
2021-03-22 04:00:00+00:00,94.05,94.525,93.63,94.22,548080,4621,94.217355
2021-03-23 04:00:00+00:00,93.06,93.24,92.33,92.47,726757,6013,92.876848
2021-03-24 04:00:00+00:00,91.78,91.78,90.0,90.01,1461398,10448,90.656019
2021-03-25 04:00:00+00:00,89.99,90.79,89.9,90.43,896549,4470,90.44374
2021-03-26 04:00:00+00:00,91.17,92.75,90.87,92.56,1124747,4868,91.549609
2021-03-29 04:00:00+00:00,92.02,92.4,91.69,92.1,566232,3022,92.024236
2021-03-30 04:00:00+00:00,92.2,92.78,91.87,92.4,1374632,9573,92.426082
2021-03-31 04:00:00+00:00,92.01,92.97,92.01,92.66,269369,2269,92.695462
2021-04-01 04:00:00+00:00,93.97,94.2,93.6,93.71,676020,3992,93.909247
2021-04-05 04:00:00+00:00,94.23,94.2628,93.74,93.97,686769,4057,94.058786
2021-04-06 04:00:00+00:00,94.01,94.9769,93.81,94.56,1053964,8249,94.57478
2021-04-07 04:00:00+00:00,93.11,93.26,92.68,92.98,756853,5394,92.934045
2021-04-08 04:00:00+00:00,94.21,94.34,93.91,93.93,583959,4549,94.051184
2021-04-09 04:00:00+00:00,93.04,93.25,92.83,93.25,1270840,6159,93.051814
2021-04-12 04:00:00+00:00,92.59,92.59,92.175,92.44,2070456,9305,92.301066
2021-04-13 04:00:00+00:00,92.51,93.08,92.35,92.93,1862159,4749,92.983819
2021-04-14 04:00:00+00:00,93.81,93.858,93.17,93.32,692366,2904,93.500132
2021-04-15 04:00:00+00:00,93.95,93.98,93.54,93.83,598112,3593,93.791551
2021-04-16 04:00:00+00:00,94.1884,94.24,93.785,94.06,667605,5400,94.081898
2021-04-19 04:00:00+00:00,93.91,94.11,93.441,93.73,350341,2414,93.722359
2021-04-20 04:00:00+00:00,93.86,93.97,92.83,93.09,1028945,4293,93.097015
2021-04-21 04:00:00+00:00,92.7,93.679,92.4699,93.59,390426,3166,93.281613
2021-04-22 04:00:00+00:00,93.8347,93.8495,92.945,93.26,661964,3403,93.35905
2021-04-23 04:00:00+00:00,94.22,94.73,94.21,94.66,1032408,2788,94.450777
2021-04-26 04:00:00+00:00,94.38,94.81,94.315,94.78,2441141,8222,94.674466
2021-04-27 04:00:00+00:00,94.78,95.01,94.67,94.85,514529,2384,94.870875
2021-04-28 04:00:00+00:00,95.1,95.68,94.81,95.28,860411,2953,95.39357
2021-04-29 04:00:00+00:00,95.81,95.81,94.43,95.21,747438,4110,94.944386
2021-04-30 04:00:00+00:00,93.92,94.188,93.4303,93.68,425284,2572,93.732639
2021-05-03 04:00:00+00:00,93.54,93.875,93.16,93.51,382994,2239,93.472906
2021-05-04 04:00:00+00:00,92.8691,93.04,91.735,92.49,1171946,6378,92.235712
2021-05-05 04:00:00+00:00,92.83,92.97,92.42,92.61,1503525,5554,92.734267
2021-05-06 04:00:00+00:00,92.94,93.419,92.71,93.38,1607901,3518,93.145826
2021-05-07 04:00:00+00:00,93.9208,94.605,93.8,94.12,1101004,2737,94.21865
2021-05-10 04:00:00+00:00,93.73,93.73,92.36,92.41,1866792,6822,92.581277
2021-05-11 04:00:00+00:00,90.44,91.93,90.4,91.74,2103387,13223,91.537165
2021-05-12 04:00:00+00:00,90.4,90.65,89.28,89.33,3922134,12685,89.653345
2021-05-13 04:00:00+00:00,89.65,90.035,88.82,89.29,2065630,10476,89.385882
2021-05-14 04:00:00+00:00,90.33,90.94,90.06,90.79,2798777,9083,90.670698
2021-05-17 04:00:00+00:00,90.14,90.63,89.96,90.61,1028145,4694,90.37914
2021-05-18 04:00:00+00:00,91.8335,92.3985,91.79,91.86,762123,3813,92.098978
2021-05-19 04:00:00+00:00,90.99,92.08,90.7,91.85,518189,2685,91.632602
2021-05-20 04:00:00+00:00,91.99,92.48,91.94,92.39,415372,2283,92.29941
2021-05-21 04:00:00+00:00,92.32,92.32,91.14,91.27,364827,3781,91.45402
2021-05-24 04:00:00+00:00,91.76,92.245,91.55,92.02,630480,2189,92.028365
2021-05-25 04:00:00+00:00,93.49,93.49,92.98,93.3,1093607,5824,93.28796
2021-05-26 04:00:00+00:00,93.7063,93.99,93.58,93.9,570375,1548,93.917014
2021-05-27 04:00:00+00:00,94.0,94.13,93.69,93.84,1277974,5928,93.894516
2021-05-28 04:00:00+00:00,94.08,94.585,94.01,94.33,844315,4140,94.469785
2021-06-01 04:00:00+00:00,96.34,96.39,95.72,96.06,493728,3543,96.047424
2021-06-02 04:00:00+00:00,95.82,95.94,95.58,95.84,368035,2138,95.775134
2021-06-03 04:00:00+00:00,94.88,95.0899,94.57,94.75,694453,2013,94.774128
2021-06-04 04:00:00+00:00,95.31,95.58,95.2601,95.58,428551,2891,95.458276
2021-06-07 04:00:00+00:00,95.08,95.24,94.58,95.02,717400,4014,94.834574
2021-06-08 04:00:00+00:00,94.71,94.76,94.21,94.54,798624,4555,94.44094
2021-06-09 04:00:00+00:00,94.34,94.65,94.1,94.14,705111,3639,94.266108
2021-06-10 04:00:00+00:00,94.32,94.78,94.28,94.72,350062,2172,94.639471
2021-06-11 04:00:00+00:00,94.51,94.62,94.13,94.62,4300646,7963,94.470442
2021-06-14 04:00:00+00:00,94.62,94.94,94.4962,94.9,405428,2378,94.766416
2021-06-15 04:00:00+00:00,94.51,94.51,93.88,93.99,440868,2992,94.188208
2021-06-16 04:00:00+00:00,93.87,93.99,92.54,92.75,565710,2549,93.525273
2021-06-17 04:00:00+00:00,93.13,93.74,93.13,93.49,574740,2919,93.517183
2021-06-18 04:00:00+00:00,93.2,93.25,92.74,92.9,1109977,6152,92.949903
2021-06-21 04:00:00+00:00,92.7,93.11,92.27,93.09,840505,6245,92.796382
2021-06-22 04:00:00+00:00,92.75,92.75,92.09,92.6,1022344,2545,92.22965
2021-06-23 04:00:00+00:00,93.34,93.78,93.2,93.26,542188,2771,93.365573
2021-06-24 04:00:00+00:00,93.79,94.12,93.7376,94.06,1299704,7351,93.971796
2021-06-25 04:00:00+00:00,94.85,94.955,94.53,94.88,1984524,7470,94.699103
2021-06-28 04:00:00+00:00,94.92,95.16,94.862,95.13,758519,3320,94.956733
2021-06-29 04:00:00+00:00,94.32,95.03,94.09,95.03,788321,3752,94.73998
2021-06-30 04:00:00+00:00,94.33,94.689,94.27,94.5,275066,2436,94.441115
2021-07-01 04:00:00+00:00,94.47,94.47,93.44,93.84,995065,4436,93.794035
2021-07-02 04:00:00+00:00,93.22,93.64,93.07,93.61,3181758,12483,93.454326
2021-07-06 04:00:00+00:00,92.87,92.87,91.935,92.26,810983,5119,92.352624
2021-07-07 04:00:00+00:00,92.81,92.83,91.84,92.13,780772,4529,92.146794
2021-07-08 04:00:00+00:00,89.97,90.33,89.75,90.09,1056626,5794,90.114557
2021-07-09 04:00:00+00:00,91.12,91.7214,90.91,91.65,482359,2225,91.384819
2021-07-12 04:00:00+00:00,91.56,91.79,91.29,91.79,445909,3089,91.593932
2021-07-13 04:00:00+00:00,92.13,92.63,92.055,92.14,455900,2554,92.268822
2021-07-14 04:00:00+00:00,92.61,92.67,91.945,92.25,359296,2854,92.268971
2021-07-15 04:00:00+00:00,92.53,92.85,92.26,92.44,421094,3793,92.531518
2021-07-16 04:00:00+00:00,92.5,92.63,91.62,91.81,133241,1680,91.936371
2021-07-19 04:00:00+00:00,90.33,90.46,89.83,90.25,2789079,12713,90.042454
2021-07-20 04:00:00+00:00,90.03,90.8,89.75,90.64,515749,4522,90.427573
2021-07-21 04:00:00+00:00,90.36,91.13,89.98,91.11,392343,3421,90.772899
2021-07-22 04:00:00+00:00,91.51,91.55,90.99,91.32,1159315,6118,91.317335
2021-07-23 04:00:00+00:00,90.04,90.26,89.32,89.93,1222652,6042,89.632551
2021-07-26 04:00:00+00:00,87.73,88.23,87.425,87.7,3184108,11192,87.593988
2021-07-27 04:00:00+00:00,85.52,85.82,84.38,85.53,4397973,11786,85.040362
2021-07-28 04:00:00+00:00,86.57,88.13,86.49,87.94,2636075,12267,87.271017
2021-07-29 04:00:00+00:00,88.63,88.66,87.955,88.27,1885059,9760,88.258451
2021-07-30 04:00:00+00:00,87.26,87.95,87.11,87.8,1569515,11410,87.733885
2021-08-02 04:00:00+00:00,88.32,88.74,88.22,88.25,767766,5705,88.406378
2021-08-03 04:00:00+00:00,88.28,88.65,87.9,88.65,1023530,5180,88.373127
2021-08-04 04:00:00+00:00,89.26,89.75,89.13,89.32,1507102,6527,89.342375
2021-08-05 04:00:00+00:00,88.82,89.18,88.77,88.97,1708202,7253,89.001713
2021-08-06 04:00:00+00:00,88.73,88.73,87.95,88.17,1310571,7180,88.153491
2021-08-09 04:00:00+00:00,88.48,88.95,88.13,88.56,1079757,3559,88.785036
2021-08-10 04:00:00+00:00,88.91,88.94,88.48,88.65,688221,4109,88.688128
2021-08-11 04:00:00+00:00,88.98,89.045,88.42,88.75,630754,3573,88.711368
2021-08-12 04:00:00+00:00,88.07,88.15,87.575,87.93,1143986,4927,87.788615
2021-08-13 04:00:00+00:00,87.61,87.8,87.16,87.56,373593,2495,87.495918
2021-08-16 04:00:00+00:00,86.94,86.95,86.38,86.95,1264548,5594,86.769905
2021-08-17 04:00:00+00:00,85.11,85.575,84.8,85.05,2180880,4665,85.150555
2021-08-18 04:00:00+00:00,85.77,86.2,85.39,85.44,1892286,8092,85.84507
2021-08-19 04:00:00+00:00,83.84,84.45,83.73,84.05,922747,5836,84.135344
2021-08-20 04:00:00+00:00,83.44,84.18,83.32,84.02,840724,6336,83.914168
2021-08-23 04:00:00+00:00,84.61,85.41,84.59,85.24,2096658,7567,85.143995
2021-08-24 04:00:00+00:00,86.38,87.195,86.38,87.15,864178,5715,86.970088
2021-08-25 04:00:00+00:00,87.1,87.27,86.85,87.15,893860,5209,87.112034
2021-08-26 04:00:00+00:00,86.81,86.81,86.29,86.3,1023003,6089,86.454164
2021-08-27 04:00:00+00:00,86.65,87.29,86.65,87.25,470078,3177,87.12611
2021-08-30 04:00:00+00:00,87.45,87.6,86.99,87.46,750711,4290,87.284314
2021-08-31 04:00:00+00:00,88.72,88.85,88.5,88.76,1146160,6869,88.696606
2021-09-01 04:00:00+00:00,89.28,90.23,89.28,89.92,644512,5013,89.873315
2021-09-02 04:00:00+00:00,89.76,90.05,89.52,89.62,794266,4113,89.667958
2021-09-03 04:00:00+00:00,89.83,90.14,89.735,90.01,1011463,6896,89.929359
2021-09-07 04:00:00+00:00,90.26,90.99,90.26,90.7,1352598,4762,90.79829
2021-09-08 04:00:00+00:00,90.17,90.17,89.31,89.52,728500,4752,89.639925
2021-09-09 04:00:00+00:00,89.21,89.44,88.9066,89.19,640381,3866,89.266946
2021-09-10 04:00:00+00:00,89.92,90.04,89.17,89.17,1594836,8770,89.439772
2021-09-13 04:00:00+00:00,89.21,89.45,88.77,89.28,561000,3496,89.108172
2021-09-14 04:00:00+00:00,88.75,88.88,88.18,88.4,469935,4633,88.429244
2021-09-15 04:00:00+00:00,87.84,88.065,87.46,88.01,900092,4397,87.784774
2021-09-16 04:00:00+00:00,86.77,87.18,86.55,87.02,427018,3245,86.945133
2021-09-17 04:00:00+00:00,87.27,87.33,86.73,86.94,573842,4108,86.916429
2021-09-20 04:00:00+00:00,84.86,85.14,83.74,84.37,1295722,8913,84.349121
2021-09-21 04:00:00+00:00,85.19,85.28,84.77,85.0,1279224,3353,85.092654
2021-09-22 04:00:00+00:00,85.7,86.67,85.7,86.17,1679130,7053,85.807468
2021-09-23 04:00:00+00:00,86.58,86.7859,86.28,86.7,1166421,4053,86.55716
2021-09-24 04:00:00+00:00,85.87,85.93,85.46,85.52,1286062,6817,85.606237
2021-09-27 04:00:00+00:00,85.82,86.33,85.43,86.15,541630,4660,86.057286
2021-09-28 04:00:00+00:00,85.64,85.77,84.8701,85.14,881273,13120,85.125161
2021-09-29 04:00:00+00:00,84.96,85.2,84.355,84.38,1028234,9446,84.774682
2021-09-30 04:00:00+00:00,85.05,85.61,84.88,84.93,1698448,8119,85.391125
2021-10-01 04:00:00+00:00,84.93,85.07,83.96,84.66,826627,6170,84.509476
2021-10-04 04:00:00+00:00,84.06,84.17,82.94,83.44,900271,7334,83.390152
2021-10-05 04:00:00+00:00,83.6,84.31,83.6,83.99,714773,5843,84.102705
2021-10-06 04:00:00+00:00,82.94,83.63,82.67,83.62,594875,3877,83.242416
2021-10-07 04:00:00+00:00,84.8,85.75,84.8,85.42,592909,3980,85.448212
2021-10-08 04:00:00+00:00,85.54,85.75,85.32,85.64,500125,3448,85.565519
2021-10-11 04:00:00+00:00,85.92,86.23,85.34,85.34,821575,5817,85.752624
2021-10-12 04:00:00+00:00,85.21,85.5,84.76,84.77,1340607,2952,84.881616
2021-10-13 04:00:00+00:00,85.63,86.33,85.56,86.14,1050038,4325,86.09225
2021-10-14 04:00:00+00:00,86.49,86.64,86.055,86.44,714798,6756,86.347707
2021-10-15 04:00:00+00:00,87.09,87.545,86.79,87.35,673362,7067,87.29657
2021-10-18 04:00:00+00:00,86.84,87.51,86.81,87.26,441456,2781,87.29127
2021-10-19 04:00:00+00:00,88.1,88.77,87.93,88.74,1136188,6155,88.485173
2021-10-20 04:00:00+00:00,88.81,88.91,88.45,88.62,557132,4686,88.676363
2021-10-21 04:00:00+00:00,88.01,88.405,87.93,88.27,599992,4466,88.177161
2021-10-22 04:00:00+00:00,88.51,88.87,87.96,88.08,675114,8597,88.273721
2021-10-25 04:00:00+00:00,88.45,88.55,87.99,88.39,393527,4154,88.368271
2021-10-26 04:00:00+00:00,88.9,88.9,87.9,87.94,1400618,10238,88.243971
2021-10-27 04:00:00+00:00,87.61,87.85,87.23,87.23,524071,3852,87.524514
2021-10-28 04:00:00+00:00,86.86,87.45,86.75,87.41,495574,4063,87.139135
2021-10-29 04:00:00+00:00,86.44,86.5395,85.87,86.31,412867,4731,86.163196
2021-11-01 04:00:00+00:00,86.13,87.04,86.13,86.99,842757,4496,86.715302
2021-11-02 04:00:00+00:00,86.37,86.37,86.0,86.04,1306749,5731,86.072209
2021-11-03 04:00:00+00:00,85.9,86.51,85.66,86.38,888485,6305,86.067716
2021-11-04 04:00:00+00:00,86.39,86.71,85.88,86.28,769529,5563,86.203355
2021-11-05 04:00:00+00:00,86.46,86.56,85.73,85.97,504828,4151,86.040361
2021-11-08 05:00:00+00:00,86.54,86.86,86.53,86.86,501750,5352,86.704017
2021-11-09 05:00:00+00:00,86.652,86.96,86.11,86.26,4693595,6956,86.325285
2021-11-10 05:00:00+00:00,86.42,86.81,85.765,86.06,4411685,21029,86.420656
2021-11-11 05:00:00+00:00,87.1,87.61,87.05,87.44,1093672,5751,87.380244
2021-11-12 05:00:00+00:00,87.59,88.0,87.49,87.93,713647,4295,87.825104
2021-11-15 05:00:00+00:00,88.03,88.298,87.635,87.69,553845,3447,87.816409
2021-11-16 05:00:00+00:00,88.02,88.175874,87.73,88.0,554128,3539,87.990702
2021-11-17 05:00:00+00:00,88.12,88.39,87.32,87.52,785625,4915,87.586822
2021-11-18 05:00:00+00:00,86.68,86.82,86.17,86.6,945421,6488,86.543346
2021-11-19 05:00:00+00:00,86.67,87.09,86.59,86.64,588006,5041,86.818787
2021-11-22 05:00:00+00:00,86.68,87.02,86.18,86.28,734762,7632,86.667112
2021-11-23 05:00:00+00:00,86.27,86.555,85.76,86.02,799061,4988,86.023801
2021-11-24 05:00:00+00:00,85.53,85.98,85.36,85.94,1564320,4998,85.81198
2021-11-26 05:00:00+00:00,83.825,83.9,82.955,83.39,1812296,9584,83.427124
2021-11-29 05:00:00+00:00,83.93,83.95,83.23,83.52,2880536,10598,83.51293
2021-11-30 05:00:00+00:00,83.18,83.77,82.445,83.29,1204364,7819,83.237814
2021-12-01 05:00:00+00:00,84.44,84.92,83.36,83.36,893466,7448,84.23686
2021-12-02 05:00:00+00:00,84.37,84.85,83.85,84.28,1401565,9638,84.425763
2021-12-03 05:00:00+00:00,84.08,84.13,82.67,83.01,1372159,9726,83.078284
2021-12-06 05:00:00+00:00,82.89,83.81,82.58,83.81,1058544,7350,83.318427
2021-12-07 05:00:00+00:00,85.0,85.25,84.86,85.2,1416195,10802,85.086128
2021-12-08 05:00:00+00:00,85.2,85.85,85.0101,85.67,1494146,11289,85.469722
2021-12-09 05:00:00+00:00,85.45,85.83,85.25,85.33,1429437,7455,85.509303
2021-12-10 05:00:00+00:00,85.3,85.55,85.15,85.37,801727,7107,85.29585
2021-12-13 05:00:00+00:00,83.32,83.32,82.3201,82.58,1539158,9975,82.671519
2021-12-14 05:00:00+00:00,82.05,82.47,81.8901,82.37,1830434,10714,82.191064
2021-12-15 05:00:00+00:00,81.94,82.04,80.88,81.95,1058411,11223,81.351095
2021-12-16 05:00:00+00:00,82.59,82.85,81.73,81.81,1195239,6491,82.201378
2021-12-17 05:00:00+00:00,81.22,81.72,80.96,81.35,1264354,9168,81.449867
2021-12-20 05:00:00+00:00,80.12,80.39,79.8,80.18,923736,6882,80.109269
2021-12-21 05:00:00+00:00,80.96,81.74,80.94,81.72,1240843,8306,81.396608
2021-12-22 05:00:00+00:00,81.59,82.1,81.35,82.08,1096314,13526,81.893914
2021-12-23 05:00:00+00:00,82.25,82.6399,81.905,82.48,1071305,5273,82.363201
2021-12-27 05:00:00+00:00,82.56,82.93,82.41,82.7,830423,5676,82.717529
2021-12-28 05:00:00+00:00,82.89,82.89,82.47,82.51,738606,4315,82.620046
2021-12-29 05:00:00+00:00,82.39,82.47,81.76,82.16,1215971,8030,82.169601
2021-12-30 05:00:00+00:00,82.16,83.35,82.16,83.15,1231702,7650,82.909735
2021-12-31 05:00:00+00:00,83.09,83.5,82.68,82.7,701032,3690,83.078996
2022-01-03 05:00:00+00:00,83.13,83.36,82.53,83.29,629677,3430,83.110022
2022-01-04 05:00:00+00:00,83.32,83.43,82.77,82.95,1057949,7384,83.017159
2022-01-05 05:00:00+00:00,82.29,82.93,81.56,81.57,1608467,12673,82.384732
2022-01-06 05:00:00+00:00,81.73,82.3,81.41,81.96,587930,4305,81.99127
2022-01-07 05:00:00+00:00,82.44,82.84,82.06,82.73,945011,6225,82.528899
2022-01-10 05:00:00+00:00,82.54,82.94,82.09,82.68,1034065,7584,82.444412
2022-01-11 05:00:00+00:00,83.13,84.39,82.95,84.33,591526,6620,83.793757
2022-01-12 05:00:00+00:00,85.39,85.72,85.04,85.6,4300315,17620,85.525948
2022-01-13 05:00:00+00:00,85.33,85.37,84.4,84.48,3282932,13794,84.887429
2022-01-14 05:00:00+00:00,84.08,84.665,84.0,84.36,846834,4953,84.400108
2022-01-18 05:00:00+00:00,82.86,83.48,82.86,83.03,1056194,6929,83.206504
2022-01-19 05:00:00+00:00,83.51,83.71,83.15,83.18,1101464,7986,83.432871
2022-01-20 05:00:00+00:00,84.84,85.3,83.82,84.0,2291094,14825,84.847163
2022-01-21 05:00:00+00:00,83.69,83.8,82.54,82.6,675415,5467,83.20105
2022-01-24 05:00:00+00:00,81.83,81.83,79.87,81.59,1812089,12299,80.942663
2022-01-25 05:00:00+00:00,81.04,81.69,80.71,81.29,2252268,14549,81.263193
2022-01-26 05:00:00+00:00,81.7,81.7,79.97,80.11,1107976,6865,81.126691
2022-01-27 05:00:00+00:00,79.77,79.81,78.76,78.76,773404,9317,79.276857
2022-01-28 05:00:00+00:00,78.69,79.0,77.87,78.98,1100948,7233,78.507674
2022-01-31 05:00:00+00:00,79.83,81.73,79.83,81.65,1023457,4535,81.097695
2022-02-01 05:00:00+00:00,81.94,82.09,81.18,82.03,1059114,6662,81.720424
2022-02-02 05:00:00+00:00,82.46,82.49,81.54,81.93,915984,5820,81.981183
2022-02-03 05:00:00+00:00,81.1,81.51,80.8,81.07,694108,4664,81.186267
2022-02-04 05:00:00+00:00,80.93,81.8,80.78,81.52,632380,6095,81.445098
2022-02-07 05:00:00+00:00,81.29,81.66,81.04,81.3,1237344,8039,81.342676
2022-02-08 05:00:00+00:00,81.08,81.99,81.08,81.92,707643,3720,81.752909
2022-02-09 05:00:00+00:00,82.67,83.33,82.64,83.32,799935,7522,83.103079
2022-02-10 05:00:00+00:00,82.47,83.69,82.47,82.69,1073992,10323,83.097065
2022-02-11 05:00:00+00:00,82.8,83.02,81.23,81.39,1748903,6848,82.412912
2022-02-14 05:00:00+00:00,81.01,81.07,80.26,80.66,768769,5633,80.739578
2022-02-15 05:00:00+00:00,81.84,82.4,81.65,82.35,1055655,7284,82.086134
2022-02-16 05:00:00+00:00,82.09,83.05,82.065,82.76,1113643,6978,82.502385
2022-02-17 05:00:00+00:00,82.59,82.8,81.8926,82.01,994506,6779,82.412106
2022-02-18 05:00:00+00:00,81.73,81.815,81.11,81.33,724720,5124,81.379878
2022-02-22 05:00:00+00:00,80.23,80.67,79.65,80.05,845731,11121,80.184813
2022-02-23 05:00:00+00:00,80.52,80.53,79.1,79.19,1296955,11159,79.60131
2022-02-24 05:00:00+00:00,75.89,78.25,75.83,78.15,3080627,21946,76.771032
2022-02-25 05:00:00+00:00,78.38,79.39,77.94,79.39,1197711,15065,78.716774
2022-02-28 05:00:00+00:00,78.12,78.79,77.97,78.62,1622057,10477,78.33895
2022-03-01 05:00:00+00:00,78.42,78.88,77.56,77.91,2657560,11750,78.047316
2022-03-02 05:00:00+00:00,78.0,78.29,77.305,78.03,1065423,12065,77.902838
2022-03-03 05:00:00+00:00,78.01,78.01,76.72,76.85,859296,6135,77.127601
2022-03-04 05:00:00+00:00,75.52,75.91,74.83,75.19,2441081,17039,75.122757
2022-03-07 05:00:00+00:00,73.72,74.04,72.2,72.26,2269010,18140,72.736985
2022-03-08 05:00:00+00:00,72.59,73.29,71.72,72.38,2486945,15886,72.439837
2022-03-09 05:00:00+00:00,73.6,74.52,73.13,74.4,1659564,8956,73.991952
2022-03-10 05:00:00+00:00,73.13,73.23,72.4,72.83,1722061,10182,72.771874
2022-03-11 05:00:00+00:00,73.32,73.4,71.13,71.14,1634866,9043,71.781217
2022-03-14 04:00:00+00:00,70.3,70.95,69.2217,69.43,1739018,11093,69.894434
2022-03-15 04:00:00+00:00,68.4,69.63,67.99,69.55,5136324,33650,68.94371
2022-03-16 04:00:00+00:00,73.09,75.88,72.75,75.88,3783386,23689,74.407705
2022-03-17 04:00:00+00:00,75.17,75.32,74.17,75.24,3121187,23371,74.891333
2022-03-18 04:00:00+00:00,74.77,76.715,74.5,76.58,1567921,11762,76.102277
2022-03-21 04:00:00+00:00,75.24,75.4,74.365,74.94,1462827,10380,74.885799
2022-03-22 04:00:00+00:00,75.98,76.65,75.93,76.36,1409152,8530,76.29705
2022-03-23 04:00:00+00:00,75.57,76.48,75.22,75.52,1083076,6511,75.849977
2022-03-24 04:00:00+00:00,75.69,75.93,75.21,75.91,926611,6044,75.644462
2022-03-25 04:00:00+00:00,74.92,75.13,74.56,75.1,967261,7933,74.912932
2022-03-28 04:00:00+00:00,75.13,75.45,74.71,75.42,1490669,10472,75.12363
2022-03-29 04:00:00+00:00,76.65,76.93,76.32,76.77,1577602,9930,76.615576
2022-03-30 04:00:00+00:00,76.57,77.175,76.29,76.51,850836,5344,76.744165
2022-03-31 04:00:00+00:00,76.04,76.06,75.015,75.03,1071428,6253,75.462867
2022-04-01 04:00:00+00:00,76.55,76.84,75.905,76.3,3372737,16262,76.27248
2022-04-04 04:00:00+00:00,77.38,78.01,77.07,77.92,2883577,10696,77.844527
2022-04-05 04:00:00+00:00,77.64,77.64,76.33,76.49,1648759,10936,76.666988
2022-04-06 04:00:00+00:00,75.92,75.92,75.04,75.38,1566467,7996,75.445196
2022-04-07 04:00:00+00:00,74.85,75.02,74.28,74.63,1807313,13129,74.65229
2022-04-08 04:00:00+00:00,74.82,75.13,74.61,74.66,1418297,7494,74.863817
2022-04-11 04:00:00+00:00,73.65,74.03,73.325,73.39,1186638,8111,73.655399
2022-04-12 04:00:00+00:00,73.92,74.06,73.08,73.14,2239856,13356,73.502932
2022-04-13 04:00:00+00:00,73.64,74.38,73.62,74.28,1504188,8924,74.144985
2022-04-14 04:00:00+00:00,73.98,74.01,73.29,73.29,1201352,7157,73.556884
2022-04-18 04:00:00+00:00,72.75,73.23,72.505,72.87,1451932,10720,72.939008
2022-04-19 04:00:00+00:00,72.12,72.75,71.84,72.69,1129345,8060,72.369464
2022-04-20 04:00:00+00:00,72.89,72.89,72.13,72.24,1197598,8555,72.376464
2022-04-21 04:00:00+00:00,72.18,72.4,70.74,70.92,1219826,7093,71.252435
2022-04-22 04:00:00+00:00,71.09,71.67,70.495,70.54,1919889,9459,70.975503
2022-04-25 04:00:00+00:00,69.36,70.075,69.15,69.99,2994110,20290,69.649644
2022-04-26 04:00:00+00:00,69.53,69.65,68.5,68.5,2314039,16247,69.026506
2022-04-27 04:00:00+00:00,69.08,69.86,69.01,69.39,3094021,16950,69.448309
2022-04-28 04:00:00+00:00,70.01,70.52,69.36,70.41,1732792,11984,69.986492
2022-04-29 04:00:00+00:00,71.88,72.195,70.81,70.92,1991595,11042,71.560345
2022-05-02 04:00:00+00:00,70.89,71.19,70.12,71.01,2833730,14066,70.786255
2022-05-03 04:00:00+00:00,71.39,71.67,71.22,71.59,1358947,6805,71.448048
2022-05-04 04:00:00+00:00,70.95,72.43,70.46,72.28,1839282,14138,71.399766
2022-05-05 04:00:00+00:00,70.9,70.9,69.01,69.57,3148202,16205,69.46106
2022-05-06 04:00:00+00:00,68.88,69.07,68.22,68.61,2061540,12010,68.670491
2022-05-09 04:00:00+00:00,67.32,67.67,66.425,66.52,1826071,13559,66.938479
2022-05-10 04:00:00+00:00,67.58,67.73,66.43,67.01,2123877,10836,66.976703
2022-05-11 04:00:00+00:00,67.45,68.01,66.4,66.49,2520952,15344,67.160791
2022-05-12 04:00:00+00:00,65.93,66.75,65.43,66.21,1970104,10440,66.005597
2022-05-13 04:00:00+00:00,66.98,68.13,66.98,68.1,2455273,9424,67.953222
2022-05-16 04:00:00+00:00,67.64,68.07,67.48,67.72,1170826,9329,67.812708
2022-05-17 04:00:00+00:00,69.69,69.91,69.04,69.66,1304975,10727,69.476047
2022-05-18 04:00:00+00:00,69.12,69.35,67.88,67.99,1670757,8638,68.591256
2022-05-19 04:00:00+00:00,68.21,69.29,68.21,69.06,2087851,11366,69.00126
2022-05-20 04:00:00+00:00,69.77,70.04,68.38,69.37,3325424,12080,68.8674
2022-05-23 04:00:00+00:00,69.63,69.915,69.3,69.77,2434214,13804,69.687137
2022-05-24 04:00:00+00:00,68.48,68.57,67.76,68.27,2864028,20217,68.125306
2022-05-25 04:00:00+00:00,68.15,68.7416,67.99,68.59,1011273,5247,68.38571
2022-05-26 04:00:00+00:00,68.46,69.87,68.46,69.69,785299,5435,69.558683
2022-05-27 04:00:00+00:00,70.25,70.57,69.97,70.57,2152203,9470,70.394898
2022-05-31 04:00:00+00:00,72.37,72.43,71.67,71.69,1091867,8144,71.99122
2022-06-01 04:00:00+00:00,72.05,72.17,70.86,71.11,827838,4597,71.361772
2022-06-02 04:00:00+00:00,71.33,72.49,71.29,72.49,2582165,10737,72.264557
2022-06-03 04:00:00+00:00,71.58,71.72,71.03,71.14,1023677,5245,71.341612
2022-06-06 04:00:00+00:00,72.49,72.71,71.66,71.86,893578,5099,72.132605
2022-06-07 04:00:00+00:00,71.49,72.275,71.35,72.21,2256718,9764,71.873951
2022-06-08 04:00:00+00:00,72.55,73.01,72.41,72.8,785697,5987,72.721823
2022-06-09 04:00:00+00:00,71.8,71.97,70.73,70.73,1129405,6216,71.430031
2022-06-10 04:00:00+00:00,70.85,70.94,69.95,70.13,1194257,10219,70.297712
2022-06-13 04:00:00+00:00,68.55,68.84,67.55,67.81,1475829,8343,67.947392
2022-06-14 04:00:00+00:00,68.49,69.09,68.35,68.87,1760902,8734,68.71308
2022-06-15 04:00:00+00:00,68.99,70.11,68.67,69.62,2016456,9727,69.298682
2022-06-16 04:00:00+00:00,67.59,67.94,67.14,67.56,1471286,7888,67.539673
2022-06-17 04:00:00+00:00,68.27,68.52,67.46,67.96,2792288,13129,68.068335
2022-06-21 04:00:00+00:00,68.95,69.45,68.92,69.2,1334002,8222,69.198173
2022-06-22 04:00:00+00:00,67.93,68.4,67.69,67.94,784604,4802,68.040392
2022-06-23 04:00:00+00:00,68.29,68.66,67.75,68.43,1391924,6680,68.179908
2022-06-24 04:00:00+00:00,69.2,70.1,69.18,70.1,1093613,6449,69.684069
2022-06-27 04:00:00+00:00,70.45,70.64,69.93,70.02,1372357,9830,70.110735
2022-06-28 04:00:00+00:00,70.55,70.89,69.62,69.62,1094719,6026,69.898049
2022-06-29 04:00:00+00:00,69.3,69.56,69.1,69.37,630120,4131,69.325975
2022-06-30 04:00:00+00:00,68.46,69.22,68.045,69.2,1644558,7026,68.820343
2022-07-01 04:00:00+00:00,68.37,68.74,67.96,68.69,854662,8024,68.453241
2022-07-05 04:00:00+00:00,67.32,68.37,67.0893,68.37,1738612,18196,67.749129
2022-07-06 04:00:00+00:00,67.96,68.09,67.34,67.86,1289969,7507,67.728259
2022-07-07 04:00:00+00:00,68.86,69.5,68.7221,69.28,959424,5804,69.318502
2022-07-08 04:00:00+00:00,68.96,69.49,68.72,69.21,774454,5081,69.126023
2022-07-11 04:00:00+00:00,67.71,67.74,67.01,67.24,740449,4554,67.297926
2022-07-12 04:00:00+00:00,67.09,67.44,66.81,67.05,1772339,9455,67.15543
2022-07-13 04:00:00+00:00,66.28,67.33,66.22,66.96,1757725,10816,66.905969
2022-07-14 04:00:00+00:00,66.46,66.605,65.93,66.53,1279984,6930,66.310157
2022-07-15 04:00:00+00:00,66.52,66.765,65.88,66.74,877850,5627,66.490568
2022-07-18 04:00:00+00:00,67.7,68.0,67.03,67.15,3693174,8706,67.356264
2022-07-19 04:00:00+00:00,67.8,68.23,67.65,68.2,720234,3588,68.070638
2022-07-20 04:00:00+00:00,67.79,68.02,67.53,67.81,1326653,9180,67.774948
2022-07-21 04:00:00+00:00,67.97,68.52,67.89,68.48,755910,5307,68.208141
2022-07-22 04:00:00+00:00,68.28,68.32,67.39,67.61,465780,3404,67.723376
2022-07-25 04:00:00+00:00,67.85,68.0,67.6,67.91,532486,5665,67.816587
2022-07-26 04:00:00+00:00,67.97,68.04,67.235,67.31,534352,3632,67.520227
2022-07-27 04:00:00+00:00,67.93,68.68,67.6,68.52,691217,7297,68.147972
2022-07-28 04:00:00+00:00,68.49,68.65,67.73,68.55,758859,4071,68.259722
2022-07-29 04:00:00+00:00,67.48,68.025,67.2501,68.0,1071652,6540,67.654435
2022-08-01 04:00:00+00:00,67.25,67.79,66.95,67.41,881899,4855,67.385917
2022-08-02 04:00:00+00:00,66.7,67.81,66.59,67.05,942915,5527,67.185168
2022-08-03 04:00:00+00:00,67.2,67.78,66.96,67.66,1216494,7158,67.492016
2022-08-04 04:00:00+00:00,68.18,68.37,67.91,68.25,1250447,8715,68.223081
2022-08-05 04:00:00+00:00,67.87,68.26,67.76,68.16,521347,3107,68.039472
2022-08-08 04:00:00+00:00,68.13,68.435,67.85,67.94,582792,9066,68.136746
2022-08-09 04:00:00+00:00,67.98,68.06,67.555,67.66,537691,3195,67.696224
2022-08-10 04:00:00+00:00,67.89,68.33,67.64,68.3,859243,4035,68.102406
2022-08-11 04:00:00+00:00,68.93,69.59,68.57,68.67,599125,3795,69.033587
2022-08-12 04:00:00+00:00,68.57,69.25,68.52,69.22,1482289,7489,69.010776
2022-08-15 04:00:00+00:00,68.75,69.04,68.61,68.87,327703,2292,68.848984
2022-08-16 04:00:00+00:00,68.71,68.99,68.62,68.83,548216,3610,68.792087
2022-08-17 04:00:00+00:00,68.61,68.81,68.33,68.48,324823,2386,68.554952
2022-08-18 04:00:00+00:00,68.28,68.28,67.87,68.08,661371,4532,68.047719
2022-08-19 04:00:00+00:00,67.52,67.67,67.135,67.23,591530,5344,67.276648
2022-08-22 04:00:00+00:00,66.82,67.05,66.69,66.74,502162,2798,66.804921
2022-08-23 04:00:00+00:00,66.81,67.22,66.59,66.94,679141,4450,66.939824
2022-08-24 04:00:00+00:00,66.34,67.33,66.32,66.98,1412170,3868,66.808004
2022-08-25 04:00:00+00:00,67.7,68.55,67.62,68.55,465196,3719,68.210865
2022-08-26 04:00:00+00:00,69.01,69.11,67.44,67.44,646409,5170,68.053924
2022-08-29 04:00:00+00:00,67.16,67.55,66.94,66.94,547947,4214,67.152249
2022-08-30 04:00:00+00:00,67.21,67.26,66.13,66.34,703511,3982,66.480787
2022-08-31 04:00:00+00:00,67.3,67.56,66.91,66.96,679935,5495,67.158295
2022-09-01 04:00:00+00:00,66.22,66.475,65.81,66.4,931765,6240,66.223378
2022-09-02 04:00:00+00:00,66.05,66.35,65.485,65.59,795770,8124,65.850393
2022-09-06 04:00:00+00:00,65.28,65.38,64.73,64.86,863276,4838,64.995332
2022-09-07 04:00:00+00:00,64.5,65.49,64.5,65.43,1057789,7541,65.025516
2022-09-08 04:00:00+00:00,64.74,65.11,64.51,65.08,451370,3510,64.884106
2022-09-09 04:00:00+00:00,65.75,66.17,65.75,66.06,390193,2776,66.000405
2022-09-12 04:00:00+00:00,66.42,66.95,66.35,66.87,677781,5037,66.796354
2022-09-13 04:00:00+00:00,65.54,65.9,64.8,64.88,769375,4577,65.283694
2022-09-14 04:00:00+00:00,65.16,65.32,64.895,65.14,650356,4507,65.126997
2022-09-15 04:00:00+00:00,64.83,65.11,64.39,64.51,648026,4361,64.683806
2022-09-16 04:00:00+00:00,64.01,64.16,63.68,63.9,1140587,4978,63.849133
2022-09-19 04:00:00+00:00,63.53,64.16,63.53,64.12,837124,5622,63.996019
2022-09-20 04:00:00+00:00,63.87,64.01,63.53,63.69,457923,4106,63.759551
2022-09-21 04:00:00+00:00,63.26,63.58,62.57,62.59,756800,5138,63.052382
2022-09-22 04:00:00+00:00,62.5,62.55,61.98,62.04,1129648,6889,62.160214
2022-09-23 04:00:00+00:00,61.03,61.12,60.41,60.7,961278,5108,60.696247
2022-09-26 04:00:00+00:00,60.57,60.86,60.16,60.28,837149,5696,60.420373
2022-09-27 04:00:00+00:00,60.51,60.95,59.8,60.02,1128420,7456,60.188133
2022-09-28 04:00:00+00:00,59.28,60.495,59.14,60.34,817199,4726,59.936919
2022-09-29 04:00:00+00:00,59.1,59.16,58.475,58.87,1235570,6874,58.823986
2022-09-30 04:00:00+00:00,58.76,59.25,58.53,58.53,1705955,9171,58.736846
2022-10-03 04:00:00+00:00,58.72,59.26,58.41,59.09,833530,6434,59.051596
2022-10-04 04:00:00+00:00,60.24,61.26,60.18,61.08,1026997,6232,60.87358
2022-10-05 04:00:00+00:00,60.99,61.42,60.63,61.2,635997,3088,61.083
2022-10-06 04:00:00+00:00,60.97,61.32,60.75,60.76,628546,3944,60.921675
2022-10-07 04:00:00+00:00,60.21,60.3,59.33,59.39,314771,2548,59.660886
2022-10-10 04:00:00+00:00,58.92,58.96,58.25,58.44,685294,3834,58.520026
2022-10-11 04:00:00+00:00,57.76,58.09,57.24,57.49,960125,9949,57.635731
2022-10-12 04:00:00+00:00,57.47,57.88,57.33,57.58,1015201,5537,57.650599
2022-10-13 04:00:00+00:00,56.26,57.94,55.94,57.72,1652808,9170,57.403938
2022-10-14 04:00:00+00:00,57.86,58.14,56.84,56.9,1149816,7129,57.3495
2022-10-17 04:00:00+00:00,57.9,58.5,57.83,58.29,777336,7293,58.316504
2022-10-18 04:00:00+00:00,58.87,58.88,57.795,58.08,602377,3928,58.119585
2022-10-19 04:00:00+00:00,57.09,57.415,56.69,56.83,493522,3634,57.010084
2022-10-20 04:00:00+00:00,57.28,58.07,57.0648,57.15,581460,4798,57.421523
2022-10-21 04:00:00+00:00,56.81,57.72,56.66,57.7,643983,4677,57.258407
2022-10-24 04:00:00+00:00,55.26,55.28,54.39,55.19,1055117,16037,55.027292
2022-10-25 04:00:00+00:00,55.22,55.76,55.22,55.71,1373229,16559,55.570164
2022-10-26 04:00:00+00:00,55.99,57.34,55.911,56.9,656843,5471,56.77008
2022-10-27 04:00:00+00:00,56.63,56.93,56.28,56.3,752653,12074,56.541707
2022-10-28 04:00:00+00:00,55.37,55.895,55.26,55.89,533927,5110,55.662463
2022-10-31 04:00:00+00:00,55.22,55.68,55.19,55.51,869533,7813,55.492009
2022-11-01 04:00:00+00:00,57.09,57.32,56.66,56.69,492134,4022,56.870775
2022-11-02 04:00:00+00:00,56.95,57.64,56.36,56.36,698196,5148,56.881673
2022-11-03 04:00:00+00:00,55.98,56.83,55.98,56.71,709465,7139,56.678534
2022-11-04 04:00:00+00:00,58.97,59.36,58.31,59.26,1678303,7384,59.06683
2022-11-07 05:00:00+00:00,59.71,59.884,59.23,59.54,899588,5954,59.512285
2022-11-08 05:00:00+00:00,59.69,60.33,59.53,60.07,661355,7999,59.997726
2022-11-09 05:00:00+00:00,59.65,59.75,58.85,58.91,2885055,10726,59.176067
2022-11-10 05:00:00+00:00,60.72,61.56,60.62,61.56,4618258,20329,61.250785
2022-11-11 05:00:00+00:00,62.59,63.49,62.59,63.45,6564944,27173,63.275866
2022-11-14 05:00:00+00:00,63.26,63.66,63.06,63.2,823735,14705,63.409523
2022-11-15 05:00:00+00:00,65.29,65.63,64.71,65.13,1152297,10245,65.243604
2022-11-16 05:00:00+00:00,64.44,64.55,63.92,64.02,1024627,10778,64.137344
2022-11-17 05:00:00+00:00,62.87,64.445,62.87,64.37,654378,4167,63.931739
2022-11-18 05:00:00+00:00,64.02,64.02,63.5,63.75,307046,3619,63.747437
2022-11-21 05:00:00+00:00,62.92,63.02,62.58,62.74,377015,6023,62.733868
2022-11-22 05:00:00+00:00,62.5,62.93,62.47,62.89,473766,2539,62.773482
2022-11-23 05:00:00+00:00,63.03,63.495,63.01,63.44,431499,3564,63.283426
2022-11-25 05:00:00+00:00,63.13,63.27,63.02,63.13,175239,1344,63.15202
2022-11-28 05:00:00+00:00,62.79,63.575,62.79,62.88,530721,6734,63.122112
2022-11-29 05:00:00+00:00,64.45,64.72,64.31,64.55,538616,4172,64.458427
2022-11-30 05:00:00+00:00,66.08,66.83,65.67,66.7,1373493,9011,66.324186
2022-12-01 05:00:00+00:00,66.86,67.12,66.4,66.64,760934,5922,66.628634
2022-12-02 05:00:00+00:00,65.74,67.0791,65.74,66.88,629071,3692,66.484582
2022-12-05 05:00:00+00:00,67.11,67.14,66.23,66.39,763683,3342,66.6107
2022-12-06 05:00:00+00:00,66.71,66.71,66.15,66.3,519527,3549,66.363802
2022-12-07 05:00:00+00:00,65.71,65.99,65.5,65.84,1160874,13371,65.851365
2022-12-08 05:00:00+00:00,66.53,66.955,66.41,66.86,723615,4718,66.785954
2022-12-09 05:00:00+00:00,67.13,67.27,66.64,66.64,864538,6432,67.006939
2022-12-12 05:00:00+00:00,66.41,66.545,66.0,66.53,1276927,6271,66.331506
2022-12-13 05:00:00+00:00,67.1,67.43,66.21,66.41,1774373,9772,66.576389
2022-12-14 05:00:00+00:00,66.5,66.8,66.04,66.47,624104,4561,66.504569
2022-12-15 05:00:00+00:00,66.06,66.17,64.78,64.88,833686,18344,65.189454
2022-12-16 05:00:00+00:00,65.17,65.44,64.92,64.94,970281,6599,65.135673
