timestamp,open,high,low,close,volume,trade_count,vwap
2015-12-01 05:00:00+00:00,25.02,25.165,25.02,25.165,13797,35,25.08408
2015-12-02 05:00:00+00:00,24.9099,24.9099,24.9099,24.9099,200,1,24.9099
2015-12-03 05:00:00+00:00,24.929,24.95,24.7,24.7,10145,14,24.914391
2015-12-04 05:00:00+00:00,24.7501,24.9386,24.7501,24.86,37979,81,24.85069
2015-12-07 05:00:00+00:00,24.682,24.75,24.682,24.718,1734,8,24.728226
2015-12-08 05:00:00+00:00,24.44,24.45,24.31,24.39,9615,27,24.363619
2015-12-09 05:00:00+00:00,24.58,24.58,24.24,24.25,812,15,24.477283
2015-12-10 05:00:00+00:00,24.33,24.37,24.25,24.25,8124,18,24.327085
2015-12-11 05:00:00+00:00,23.9,23.93,23.808,23.8899,11384,31,23.911476
2015-12-14 05:00:00+00:00,23.96,23.99,23.8525,23.99,5000,10,23.906637
2015-12-15 05:00:00+00:00,24.06,24.1501,23.96,24.05,13100,40,24.067706
2015-12-16 05:00:00+00:00,24.22,24.51,24.16,24.51,1979,10,24.280144
2015-12-17 05:00:00+00:00,24.36,24.38,24.3099,24.3099,4065,18,24.353823
2015-12-18 05:00:00+00:00,24.0275,24.08,23.95,23.99,165524,46,24.066419
2015-12-21 05:00:00+00:00,24.07,24.15,23.94,23.9808,100629,122,24.062211
2015-12-22 05:00:00+00:00,24.4,24.4,24.08,24.1817,11574,11,24.29006
2015-12-23 05:00:00+00:00,24.79,24.79,24.45,24.56,9131,16,24.497793
2015-12-24 05:00:00+00:00,24.5899,24.67,24.41,24.5599,26457,176,24.583668
2015-12-28 05:00:00+00:00,24.457,24.505,24.34,24.49,6052,23,24.454471
2015-12-29 05:00:00+00:00,24.63,24.76,24.61,24.7,41183,321,24.685197
2015-12-30 05:00:00+00:00,24.6076,24.85,24.53,24.56,28031,92,24.651921
2015-12-31 05:00:00+00:00,24.33,24.56,24.3,24.3,25145,45,24.44157
2016-01-04 05:00:00+00:00,23.7,23.9679,23.7,23.9679,1016,4,23.913802
2016-01-05 05:00:00+00:00,23.74,23.95,23.74,23.95,19800,64,23.830376
2016-01-06 05:00:00+00:00,23.57,23.57,23.45,23.45,2827,7,23.487478
2016-01-07 05:00:00+00:00,23.08,23.16,22.95,23.07,21807,140,23.045127
2016-01-08 05:00:00+00:00,23.57,23.57,22.89,22.89,19487,80,23.070502
2016-01-11 05:00:00+00:00,23.08,23.08,22.7201,22.8399,3288,15,22.873096
2016-01-12 05:00:00+00:00,22.93,23.16,22.8033,22.9401,13279,42,22.972356
2016-01-13 05:00:00+00:00,22.99,23.0799,22.6,22.6,13780,70,22.825342
2016-01-14 05:00:00+00:00,22.84,23.06,22.68,23.06,1259,7,22.830426
2016-01-15 05:00:00+00:00,22.3048,22.3048,22.037,22.24,228876,105,22.228633
2016-01-19 05:00:00+00:00,22.17,22.3935,22.17,22.34,30108,90,22.314875
2016-01-20 05:00:00+00:00,21.81,22.135,21.479,22.1,501577,410,22.047245
2016-01-21 05:00:00+00:00,21.84,22.2216,21.84,22.18,197034,89,22.164553
2016-01-22 05:00:00+00:00,22.64,22.7479,22.5759,22.7479,37526,46,22.670149
2016-01-25 05:00:00+00:00,22.33,22.72,22.33,22.5,42599,143,22.575374
2016-01-26 05:00:00+00:00,22.64,22.88,22.64,22.77,296927,59,22.770949
2016-01-27 05:00:00+00:00,22.84,23.12,22.6478,22.7639,11101,65,22.937572
2016-01-28 05:00:00+00:00,23.2,23.2,22.8,22.96,30522,165,22.926074
2016-01-29 05:00:00+00:00,23.14,23.3985,23.01,23.3985,6412,55,23.149997
2016-02-01 05:00:00+00:00,23.0729,23.4,23.0613,23.34,24460,136,23.271144
2016-02-02 05:00:00+00:00,23.31,23.31,22.73,22.84,85262,120,22.836143
2016-02-03 05:00:00+00:00,22.75,23.056,22.75,23.056,12431,45,22.795147
2016-02-04 05:00:00+00:00,22.9001,23.0463,22.9,23.0295,1666,11,22.977013
2016-02-05 05:00:00+00:00,22.893,22.98,22.57,22.7085,12007,40,22.786691
2016-02-08 05:00:00+00:00,22.59,22.59,22.064,22.26,18850,82,22.245864
2016-02-09 05:00:00+00:00,22.0501,22.2,22.0,22.2,245978,407,22.065696
2016-02-10 05:00:00+00:00,22.48,22.48,22.0916,22.1889,16612,25,22.260719
2016-02-11 05:00:00+00:00,22.18,22.18,21.5987,21.85,6668,37,21.868182
2016-02-12 05:00:00+00:00,22.0445,22.0445,21.7,21.9059,1757,14,21.823527
2016-02-16 05:00:00+00:00,22.49,22.5,22.37,22.4999,41764,57,22.486878
2016-02-17 05:00:00+00:00,22.18,22.95,22.18,22.95,12243,43,22.690536
2016-02-18 05:00:00+00:00,23.0,23.08,22.7001,23.0389,5341,17,22.827794
2016-02-19 05:00:00+00:00,22.6172,22.81,22.6155,22.81,5148,36,22.699908
2016-02-22 05:00:00+00:00,23.14,23.14,23.0564,23.13,8762,32,23.117763
2016-02-23 05:00:00+00:00,22.89,22.89,22.75,22.75,5869,52,22.820528
2016-02-24 05:00:00+00:00,22.304,22.77,22.276,22.77,255090,26,22.374773
2016-02-25 05:00:00+00:00,22.7374,22.99,22.7374,22.9822,6057,43,22.899474
2016-02-26 05:00:00+00:00,23.04,23.09,22.85,22.85,238790,93,23.027967
2016-02-29 05:00:00+00:00,22.81,22.979,22.79,22.79,34163,68,22.910155
2016-03-01 05:00:00+00:00,22.78,23.36,22.78,23.36,60897,66,23.267579
2016-03-02 05:00:00+00:00,23.21,23.44,23.12,23.44,37684,59,23.408416
2016-03-03 05:00:00+00:00,23.5,23.64,23.5,23.64,101576,46,23.508567
2016-03-04 05:00:00+00:00,23.75,23.94,23.642,23.84,159177,64,23.755003
2016-03-07 05:00:00+00:00,23.6926,23.83,23.6544,23.78,75646,82,23.744262
2016-03-08 05:00:00+00:00,23.5988,23.69,23.53,23.53,20544,96,23.629217
2016-03-09 05:00:00+00:00,23.63,23.77,23.58,23.7,53170,170,23.674613
2016-03-10 05:00:00+00:00,24.07,24.07,23.33,23.53,55305,92,23.659125
2016-03-11 05:00:00+00:00,24.07,24.23,24.0,24.21,12356,72,24.134227
2016-03-14 04:00:00+00:00,25.08,25.08,24.11,24.18,176042,845,24.32272
2016-03-15 04:00:00+00:00,23.97,23.98,23.846,23.98,22670,93,23.911021
2016-03-16 04:00:00+00:00,23.95,24.25,23.83,24.22,15316,103,24.035814
2016-03-17 04:00:00+00:00,24.31,24.45,24.23,24.45,14543,45,24.295598
2016-03-18 04:00:00+00:00,24.43,24.45,24.3,24.3,60547,70,24.323531
2016-03-21 04:00:00+00:00,24.4,24.45,24.265,24.27,40965,134,24.319539
2016-03-22 04:00:00+00:00,24.23,24.34,24.16,24.24,17171,111,24.258496
2016-03-23 04:00:00+00:00,24.14,24.14,23.9483,23.99,8638,42,24.018055
2016-03-24 04:00:00+00:00,23.8,23.84,23.72,23.8,9308,43,23.799626
2016-03-28 04:00:00+00:00,23.96,24.0223,23.85,24.02,10376,26,23.936404
2016-03-29 04:00:00+00:00,23.83,24.29,23.83,24.28,6366,37,24.053485
2016-03-30 04:00:00+00:00,24.508,24.55,24.4201,24.47,13307,39,24.504252
2016-03-31 04:00:00+00:00,24.41,24.45,24.25,24.28,20948,57,24.337588
2016-04-01 04:00:00+00:00,23.9,24.05,23.77,24.05,73908,94,23.864405
2016-04-04 04:00:00+00:00,24.22,24.22,23.97,24.01,17237,78,24.066978
2016-04-05 04:00:00+00:00,23.61,23.6216,23.49,23.57,33371,93,23.566011
2016-04-06 04:00:00+00:00,23.6304,23.93,23.6304,23.93,101615,76,23.858842
2016-04-07 04:00:00+00:00,23.7876,23.7876,23.5986,23.5986,13611,40,23.698001
2016-04-08 04:00:00+00:00,23.91,24.11,23.91,23.98,102509,137,24.058742
2016-04-11 04:00:00+00:00,24.26,24.26,23.97,24.02,20895,59,24.20295
2016-04-12 04:00:00+00:00,24.1,24.4384,24.1,24.4,19090,37,24.35014
2016-04-13 04:00:00+00:00,24.69,24.69,24.5,24.6,21451,92,24.626739
2016-04-14 04:00:00+00:00,24.78,24.78,24.6415,24.658,123397,62,24.697452
2016-04-15 04:00:00+00:00,24.68,24.68,24.5507,24.57,6564,24,24.602488
2016-04-18 04:00:00+00:00,24.6998,24.77,24.6998,24.76,19419,67,24.741894
2016-04-19 04:00:00+00:00,25.16,25.2172,25.09,25.13,12211,64,25.149786
2016-04-20 04:00:00+00:00,25.21,25.27,25.12,25.18,16411,58,25.201245
2016-04-21 04:00:00+00:00,25.14,25.14,24.9001,24.97,15536,36,25.021961
2016-04-22 04:00:00+00:00,24.8979,24.96,24.8001,24.92,42872,144,24.921446
2016-04-25 04:00:00+00:00,24.7611,24.85,24.73,24.84,48016,171,24.783961
2016-04-26 04:00:00+00:00,24.96,24.96,24.85,24.91,9459,66,24.887096
2016-04-27 04:00:00+00:00,24.8534,24.97,24.8103,24.92,22127,61,24.872447
2016-04-28 04:00:00+00:00,24.88,24.88,24.62,24.6799,326739,107,24.808628
2016-04-29 04:00:00+00:00,24.75,24.75,24.54,24.69,56284,115,24.660533
2016-05-02 04:00:00+00:00,24.8,24.9,24.8,24.89,18922,73,24.857928
2016-05-03 04:00:00+00:00,24.566,24.6,24.47,24.47,79768,281,24.550637
2016-05-04 04:00:00+00:00,24.31,24.36,24.22,24.25,44676,204,24.2606
2016-05-05 04:00:00+00:00,24.195,24.3,24.13,24.17,49610,184,24.192264
2016-05-06 04:00:00+00:00,24.2,24.27,24.14,24.22,185329,303,24.189065
2016-05-09 04:00:00+00:00,24.35,24.35,24.2,24.2,42037,151,24.260443
2016-05-10 04:00:00+00:00,24.36,24.58,24.36,24.58,17427,84,24.52448
2016-05-11 04:00:00+00:00,24.43,24.52,24.35,24.37,37206,172,24.441652
2016-05-12 04:00:00+00:00,24.46,24.56,24.27,24.35,25170,112,24.370589
2016-05-13 04:00:00+00:00,24.2101,24.2501,24.07,24.08,21978,65,24.124667
2016-05-16 04:00:00+00:00,24.1,24.38,24.1,24.36,19478,124,24.295806
2016-05-17 04:00:00+00:00,24.26,24.42,24.1693,24.23,42513,100,24.274071
2016-05-18 04:00:00+00:00,24.29,24.4012,24.14,24.185,26873,114,24.284978
2016-05-19 04:00:00+00:00,23.99,24.09,23.94,24.04,34413,62,24.012355
2016-05-20 04:00:00+00:00,24.294,24.294,24.19,24.21,29564,145,24.221567
2016-05-23 04:00:00+00:00,24.23,24.24,24.14,24.15,450331,99,24.180352
2016-05-24 04:00:00+00:00,24.38,24.53,24.38,24.5032,18734,97,24.47273
2016-05-25 04:00:00+00:00,24.66,24.71,24.6,24.66,141787,501,24.676483
2016-05-26 04:00:00+00:00,24.805,24.8399,24.69,24.76,37357,183,24.741634
2016-05-27 04:00:00+00:00,24.75,24.7799,24.684,24.73,18086,120,24.733831
2016-05-31 04:00:00+00:00,24.8701,24.8901,24.58,24.65,34772,144,24.658464
2016-06-01 04:00:00+00:00,24.53,24.65,24.51,24.6,47659,140,24.583169
2016-06-02 04:00:00+00:00,24.56,24.65,24.5,24.63,17226,86,24.58563
2016-06-03 04:00:00+00:00,24.76,24.87,24.68,24.85,25086,108,24.774999
2016-06-06 04:00:00+00:00,25.0399,25.07,24.9248,24.99,18959,86,25.026564
2016-06-07 04:00:00+00:00,25.14,25.25,25.14,25.2,43540,223,25.208878
2016-06-08 04:00:00+00:00,25.17,25.3,25.17,25.26,20271,75,25.23668
2016-06-09 04:00:00+00:00,24.97,24.999,24.89,24.9797,22566,106,24.960999
2016-06-10 04:00:00+00:00,24.44,24.468,24.22,24.28,351593,211,24.424882
2016-06-13 04:00:00+00:00,24.0799,24.1672,23.91,23.95,17485,136,23.97551
2016-06-14 04:00:00+00:00,23.75,23.75,23.54,23.63,15559,72,23.597545
2016-06-15 04:00:00+00:00,23.8437,23.8899,23.75,23.75,23811,68,23.838752
2016-06-16 04:00:00+00:00,23.83,23.83,23.32,23.77,33547,102,23.635158
2016-06-17 04:00:00+00:00,23.8999,24.01,23.7968,23.97,436723,235,23.953298
2016-06-20 04:00:00+00:00,24.63,24.67,24.52,24.55,26832,72,24.563228
2016-06-21 04:00:00+00:00,24.6435,24.86,24.6435,24.7165,12815,87,24.774822
2016-06-22 04:00:00+00:00,24.77,24.91,24.7,24.71,70431,211,24.837747
2016-06-23 04:00:00+00:00,24.815,25.12,24.815,25.04,512513,156,24.956878
2016-06-24 04:00:00+00:00,22.82,23.5999,22.82,23.1,95426,590,23.239966
2016-06-27 04:00:00+00:00,22.59,22.63,22.36,22.63,17132,99,22.519733
2016-06-28 04:00:00+00:00,23.2,23.28,23.0,23.28,638982,1283,23.179411
2016-06-29 04:00:00+00:00,23.4,23.73,23.4,23.59,87303,82,23.666341
2016-06-30 04:00:00+00:00,23.69,23.94,23.58,23.94,157327,230,23.819227
2016-07-01 04:00:00+00:00,24.09,24.09,23.98,24.03,37460,98,24.038307
2016-07-05 04:00:00+00:00,23.63,23.76,23.49,23.55,16679,87,23.576404
2016-07-06 04:00:00+00:00,23.21,23.5299,23.21,23.52,106274,97,23.501497
2016-07-07 04:00:00+00:00,23.57,23.5737,23.3508,23.48,61846,131,23.479015
2016-07-08 04:00:00+00:00,23.69,23.7899,23.685,23.75,14748,47,23.712098
2016-07-11 04:00:00+00:00,24.0033,24.1599,23.9948,24.0924,209068,149,24.140229
2016-07-12 04:00:00+00:00,24.31,24.4,24.289,24.34,19689,59,24.364318
2016-07-13 04:00:00+00:00,24.28,24.5099,24.28,24.3001,99783,490,24.360642
2016-07-14 04:00:00+00:00,24.52,24.5499,24.46,24.495,62910,108,24.508996
2016-07-15 04:00:00+00:00,24.3353,24.3465,24.2309,24.31,42519,70,24.309677
2016-07-18 04:00:00+00:00,24.4099,24.4617,24.3124,24.3601,29348,159,24.409571
2016-07-19 04:00:00+00:00,24.53,24.53,24.165,24.2295,57791,157,24.217627
2016-07-20 04:00:00+00:00,24.29,24.4893,24.29,24.44,12098,62,24.437442
2016-07-21 04:00:00+00:00,24.66,24.66,24.28,24.31,59915,194,24.385349
2016-07-22 04:00:00+00:00,24.42,24.5,24.2968,24.345,1446596,144,24.386833
2016-07-25 04:00:00+00:00,24.58,24.58,24.281,24.36,42089,167,24.366721
2016-07-26 04:00:00+00:00,24.37,24.513,24.37,24.43,22767,113,24.44013
2016-07-27 04:00:00+00:00,24.6,24.62,24.41,24.565,49817,125,24.536021
2016-07-28 04:00:00+00:00,24.6,24.64,24.5204,24.58,131486,329,24.582073
2016-07-29 04:00:00+00:00,24.7645,24.9246,24.7546,24.88,16223,63,24.880986
2016-08-01 04:00:00+00:00,24.92,24.92,24.7148,24.75,27028,117,24.763149
2016-08-02 04:00:00+00:00,24.65,24.7899,24.59,24.67,94579,295,24.657537
2016-08-03 04:00:00+00:00,24.51,24.609,24.506,24.56,14306,44,24.550902
2016-08-04 04:00:00+00:00,24.6228,24.6799,24.53,24.67,90244,429,24.615918
2016-08-05 04:00:00+00:00,24.68,24.76,24.63,24.74,37956,223,24.698149
2016-08-08 04:00:00+00:00,24.73,24.735,24.667,24.7,223743,484,24.700818
2016-08-09 04:00:00+00:00,24.72,25.0007,24.72,24.89,35200,145,24.911596
2016-08-10 04:00:00+00:00,25.0,25.1299,24.99,24.99,85082,414,25.042773
2016-08-11 04:00:00+00:00,25.22,25.2819,25.14,25.21,231582,587,25.205858
2016-08-12 04:00:00+00:00,25.2101,25.3,25.13,25.19,70300,318,25.198991
2016-08-15 04:00:00+00:00,25.33,25.33,25.24,25.2596,19463,141,25.275624
2016-08-16 04:00:00+00:00,25.22,25.288,25.187,25.2,64410,170,25.247451
2016-08-17 04:00:00+00:00,25.05,25.2341,25.022,25.198,29852,119,25.107999
2016-08-18 04:00:00+00:00,25.3,25.33,25.178,25.33,91170,208,25.299717
2016-08-19 04:00:00+00:00,25.28,25.28,24.97,25.0901,13442,50,25.088138
2016-08-22 04:00:00+00:00,25.15,25.2,25.0108,25.12,38924,147,25.15119
2016-08-23 04:00:00+00:00,25.25,25.38,25.25,25.25,34805,134,25.319288
2016-08-24 04:00:00+00:00,25.26,25.29,25.16,25.16,174963,266,25.23366
2016-08-25 04:00:00+00:00,25.01,25.13,25.01,25.07,130509,566,25.080036
2016-08-26 04:00:00+00:00,25.1899,25.2,24.81,24.9,76501,415,24.90203
2016-08-29 04:00:00+00:00,24.92,24.99,24.8301,24.93,34532,136,24.947203
2016-08-30 04:00:00+00:00,24.93,24.93,24.82,24.85,32535,136,24.857111
2016-08-31 04:00:00+00:00,24.82,24.8467,24.6898,24.78,37262,178,24.753467
2016-09-01 04:00:00+00:00,24.8,24.96,24.8,24.96,85494,87,24.856141
2016-09-02 04:00:00+00:00,25.09,25.22,25.09,25.21,42011,174,25.174439
2016-09-06 04:00:00+00:00,25.24,25.475,25.24,25.42,20814,140,25.430678
2016-09-07 04:00:00+00:00,25.56,25.56,25.4,25.46,26412,169,25.46006
2016-09-08 04:00:00+00:00,25.48,25.52,25.35,25.39,36602,135,25.432448
2016-09-09 04:00:00+00:00,25.2,25.2,24.83,24.83,242334,346,24.999976
2016-09-12 04:00:00+00:00,24.76,25.07,24.72,25.07,91520,354,24.97519
2016-09-13 04:00:00+00:00,24.79,24.79,24.5,24.61,81743,238,24.598345
2016-09-14 04:00:00+00:00,24.61,24.66,24.53,24.572,19981,127,24.602387
2016-09-15 04:00:00+00:00,24.69,24.86,24.6,24.82,24030,116,24.778809
2016-09-16 04:00:00+00:00,24.59,24.619,24.45,24.49,88515,125,24.58151
2016-09-19 04:00:00+00:00,24.68,24.838,24.64,24.67,49352,342,24.753093
2016-09-20 04:00:00+00:00,24.92,24.948,24.82,24.85,76884,220,24.863533
2016-09-21 04:00:00+00:00,24.97,25.27,24.97,25.22,38756,91,25.190949
2016-09-22 04:00:00+00:00,25.49,25.61,25.47,25.49,11883,64,25.534398
2016-09-23 04:00:00+00:00,25.3,25.3,25.1501,25.186,37179,165,25.237849
2016-09-26 04:00:00+00:00,24.92,25.05,24.92,24.98,17535,106,25.008222
2016-09-27 04:00:00+00:00,24.89,25.11,24.89,25.07,15392,71,25.029546
2016-09-28 04:00:00+00:00,25.23,25.38,25.04,25.32,476507,1076,25.317508
2016-09-29 04:00:00+00:00,25.15,25.2699,24.9038,24.95,32531,236,25.078529
2016-09-30 04:00:00+00:00,25.0621,25.2399,25.02,25.12,25388,111,25.180357
2016-10-03 04:00:00+00:00,25.05,25.1099,24.9601,25.08,78993,253,25.045254
2016-10-04 04:00:00+00:00,25.13,25.1977,24.95,25.0,29466,185,25.076054
2016-10-05 04:00:00+00:00,25.2,25.2,25.0074,25.12,29407,143,25.088626
2016-10-06 04:00:00+00:00,25.02,25.02,24.91,24.94,30125,133,24.956569
2016-10-07 04:00:00+00:00,24.79,24.79,24.57,24.74,37431,160,24.6889
2016-10-10 04:00:00+00:00,24.71,24.88,24.71,24.82,25179,55,24.846146
2016-10-11 04:00:00+00:00,24.78,24.78,24.44,24.5,31931,158,24.551465
2016-10-12 04:00:00+00:00,24.43,24.5009,24.4,24.4629,36247,123,24.471744
2016-10-13 04:00:00+00:00,24.28,24.493,24.23,24.45,46722,82,24.386084
2016-10-14 04:00:00+00:00,24.51,24.65,24.46,24.46,27470,110,24.52237
2016-10-17 04:00:00+00:00,24.4,24.4499,24.35,24.37,38338,133,24.383938
2016-10-18 04:00:00+00:00,24.6,24.7,24.6,24.64,45179,182,24.667901
2016-10-19 04:00:00+00:00,24.76,24.8,24.74,24.75,27459,146,24.763907
2016-10-20 04:00:00+00:00,24.66,24.76,24.6227,24.7,70954,263,24.69858
2016-10-21 04:00:00+00:00,24.59,24.63,24.51,24.62,19428,104,24.570702
2016-10-24 04:00:00+00:00,24.77,24.77,24.558,24.6064,37169,116,24.646873
2016-10-25 04:00:00+00:00,24.62,24.62,24.53,24.56,384303,137,24.608085
2016-10-26 04:00:00+00:00,24.55,24.55,24.43,24.47,36677,170,24.48741
2016-10-27 04:00:00+00:00,24.7,24.7,24.43,24.4582,21511,87,24.553391
2016-10-28 04:00:00+00:00,24.4399,24.46,24.39,24.42,41967,126,24.418481
2016-10-31 04:00:00+00:00,24.37,24.49,24.36,24.47,22614,132,24.447763
2016-11-01 04:00:00+00:00,24.53,24.53,24.33,24.39,115377,167,24.391096
2016-11-02 04:00:00+00:00,24.31,24.4,24.127,24.13,198755,819,24.256295
2016-11-03 04:00:00+00:00,24.31,24.31,24.1162,24.13,171411,147,24.150193
2016-11-04 04:00:00+00:00,24.01,24.06,23.9,23.9,151027,447,23.986976
2016-11-07 05:00:00+00:00,24.13,24.189,24.1046,24.17,38077,98,24.149932
2016-11-08 05:00:00+00:00,24.12,24.32,24.09,24.26,51513,163,24.260679
2016-11-09 05:00:00+00:00,24.17,24.43,24.07,24.36,242538,535,24.31461
2016-11-10 05:00:00+00:00,24.26,24.47,23.9917,24.15,129993,283,24.188546
2016-11-11 05:00:00+00:00,23.97,23.97,23.8305,23.92,39623,95,23.881885
2016-11-14 05:00:00+00:00,23.69,23.74,23.61,23.74,20831,99,23.680477
2016-11-15 05:00:00+00:00,23.67,23.91,23.67,23.91,47454,224,23.823316
2016-11-16 05:00:00+00:00,23.7,23.7818,23.64,23.71,98805,125,23.699249
2016-11-17 05:00:00+00:00,23.9,23.9,23.7705,23.87,37112,110,23.84271
2016-11-18 05:00:00+00:00,23.71,23.71,23.63,23.66,63130,338,23.665703
2016-11-21 05:00:00+00:00,23.78,23.85,23.7599,23.85,17563,100,23.795246
2016-11-22 05:00:00+00:00,23.96,23.98,23.83,23.9283,79622,239,23.893691
2016-11-23 05:00:00+00:00,23.79,23.86,23.71,23.83,161851,206,23.821194
2016-11-25 05:00:00+00:00,23.92,23.95,23.8901,23.91,12769,76,23.920765
2016-11-28 05:00:00+00:00,23.93,23.9342,23.8151,23.84,93544,207,23.860035
2016-11-29 05:00:00+00:00,23.8588,24.07,23.8588,24.03,71243,277,24.009017
2016-11-30 05:00:00+00:00,24.0376,24.04,23.88,23.93,73492,168,23.939399
2016-12-01 05:00:00+00:00,23.91,23.96,23.7801,23.81,50390,290,23.851165
2016-12-02 05:00:00+00:00,23.84,23.97,23.81,23.93,119570,506,23.89831
2016-12-05 05:00:00+00:00,24.07,24.1525,23.9918,24.12,40056,152,24.071078
2016-12-06 05:00:00+00:00,24.1152,24.2372,24.1,24.18,102396,202,24.165487
2016-12-07 05:00:00+00:00,24.2339,24.5304,24.2339,24.47,54998,151,24.433896
2016-12-08 05:00:00+00:00,24.47,24.4899,24.3604,24.41,55033,150,24.444968
2016-12-09 05:00:00+00:00,24.4695,24.5599,24.4207,24.51,87482,209,24.498472
2016-12-12 05:00:00+00:00,24.55,24.55,24.41,24.44,41065,173,24.440857
2016-12-13 05:00:00+00:00,24.61,24.78,24.61,24.71,157821,146,24.76396
2016-12-14 05:00:00+00:00,24.63,24.7,24.26,24.28,71365,186,24.44125
2016-12-15 05:00:00+00:00,24.24,24.27,24.12,24.24,51345,121,24.212806
2016-12-16 05:00:00+00:00,24.15,24.3399,24.15,24.25,64020,152,24.272292
2016-12-19 05:00:00+00:00,24.33,24.38,24.25,24.28,352614,167,24.35019
2016-12-20 05:00:00+00:00,24.25,24.41,24.25,24.39,87529,307,24.366695
2016-12-21 05:00:00+00:00,24.3575,24.41,24.33,24.38,64706,338,24.375779
2016-12-22 05:00:00+00:00,24.26,24.2899,24.1683,24.24,92608,410,24.239765
2016-12-23 05:00:00+00:00,24.23,24.32,24.214,24.27,96866,453,24.287397
2016-12-27 05:00:00+00:00,24.3196,24.35,24.27,24.3,35769,149,24.30332
2016-12-28 05:00:00+00:00,24.24,24.3,24.16,24.2114,70441,295,24.209323
2016-12-29 05:00:00+00:00,24.251,24.3374,24.251,24.29,68187,212,24.293169
2016-12-30 05:00:00+00:00,24.52,24.52,24.321,24.36,355876,235,24.39179
2017-01-03 05:00:00+00:00,24.49,24.49,24.31,24.4,489880,1114,24.365716
2017-01-04 05:00:00+00:00,24.53,24.73,24.5043,24.68,170970,461,24.64143
2017-01-05 05:00:00+00:00,24.75,24.97,24.75,24.92,334165,331,24.956396
2017-01-06 05:00:00+00:00,24.8299,24.8961,24.8299,24.83,70991,318,24.870013
2017-01-09 05:00:00+00:00,24.75,24.85,24.75,24.805,58511,226,24.81052
2017-01-10 05:00:00+00:00,24.8499,24.9,24.7901,24.8124,97314,260,24.844181
2017-01-11 05:00:00+00:00,24.7828,24.96,24.7501,24.96,37725,96,24.87148
2017-01-12 05:00:00+00:00,24.99,25.02,24.87,24.96,86253,344,24.90563
2017-01-13 05:00:00+00:00,25.0369,25.084,24.9701,25.05,65406,166,25.039784
2017-01-17 05:00:00+00:00,25.07,25.07,24.98,25.0252,124280,137,25.028063
2017-01-18 05:00:00+00:00,25.05,25.05,24.84,24.88,51874,135,24.932601
2017-01-19 05:00:00+00:00,24.8669,24.8993,24.797,24.89,26181,101,24.852531
2017-01-20 05:00:00+00:00,24.915,24.963,24.88,24.96,44939,122,24.927427
2017-01-23 05:00:00+00:00,25.01,25.05,24.89,25.05,44265,186,24.962481
2017-01-24 05:00:00+00:00,24.93,25.16,24.93,25.06,130309,397,25.031188
2017-01-25 05:00:00+00:00,25.25,25.3699,25.25,25.35,41919,162,25.302429
2017-01-26 05:00:00+00:00,25.33,25.33,25.2401,25.28,29139,147,25.282072
2017-01-27 05:00:00+00:00,25.25,25.28,25.173,25.23,41575,157,25.218866
2017-01-30 05:00:00+00:00,24.99,25.07,24.9341,25.01,81237,273,25.008201
2017-01-31 05:00:00+00:00,25.12,25.1599,25.0099,25.12,32622,128,25.091531
2017-02-01 05:00:00+00:00,25.23,25.28,25.127,25.2,82875,172,25.22434
2017-02-02 05:00:00+00:00,25.24,25.3258,25.19,25.25,35772,139,25.241294
2017-02-03 05:00:00+00:00,25.24,25.3772,25.24,25.34,46621,241,25.328905
2017-02-06 05:00:00+00:00,25.14,25.15,25.03,25.11,55927,203,25.091478
2017-02-07 05:00:00+00:00,25.02,25.1599,25.02,25.11,40763,151,25.102842
2017-02-08 05:00:00+00:00,25.16,25.25,25.14,25.2,30821,160,25.205211
2017-02-09 05:00:00+00:00,25.28,25.3299,25.23,25.3,32253,140,25.292945
2017-02-10 05:00:00+00:00,25.29,25.43,25.29,25.38,96925,269,25.384384
2017-02-13 05:00:00+00:00,25.49,25.55,25.45,25.45,66544,271,25.502819
2017-02-14 05:00:00+00:00,25.43,25.45,25.27,25.41,35530,183,25.396529
2017-02-15 05:00:00+00:00,25.3,25.5,25.292,25.5,73263,225,25.427746
2017-02-16 05:00:00+00:00,25.57,25.586,25.51,25.55,56572,182,25.538643
2017-02-17 05:00:00+00:00,25.5,25.52,25.41,25.5,79624,258,25.478433
2017-02-21 05:00:00+00:00,25.52,25.5799,25.4732,25.57,67576,217,25.525757
2017-02-22 05:00:00+00:00,25.55,25.6,25.4518,25.57,124624,226,25.538695
2017-02-23 05:00:00+00:00,25.72,25.72,25.61,25.63,37099,193,25.652694
2017-02-24 05:00:00+00:00,25.38,25.49,25.38,25.42,40615,163,25.446483
2017-02-27 05:00:00+00:00,25.4399,25.52,25.4127,25.49,36750,147,25.475555
2017-02-28 05:00:00+00:00,25.51,25.54,25.403,25.43,22448,143,25.471847
2017-03-01 05:00:00+00:00,25.57,25.72,25.5547,25.65,41813,155,25.683243
2017-03-02 05:00:00+00:00,25.59,25.59,25.47,25.49,240545,271,25.547431
2017-03-03 05:00:00+00:00,25.5218,25.6559,25.4717,25.61,707846,601,25.560198
2017-03-06 05:00:00+00:00,25.6,25.6,25.4801,25.523,59944,222,25.526544
2017-03-07 05:00:00+00:00,25.55,25.55,25.41,25.46,67139,269,25.485662
2017-03-08 05:00:00+00:00,25.54,25.54,25.38,25.39,141010,262,25.43491
2017-03-09 05:00:00+00:00,25.4817,25.49,25.372,25.44,368559,449,25.428963
2017-03-10 05:00:00+00:00,25.65,25.69,25.54,25.65,46034,230,25.609865
2017-03-13 04:00:00+00:00,25.72,25.7799,25.68,25.75,51049,193,25.726289
2017-03-14 04:00:00+00:00,25.5877,25.6034,25.51,25.5552,45147,136,25.559662
2017-03-15 04:00:00+00:00,25.55,25.9602,25.55,25.9,75704,232,25.720357
2017-03-16 04:00:00+00:00,26.11,26.12,26.028,26.1,113744,777,26.077732
2017-03-17 04:00:00+00:00,26.09,26.2099,26.09,26.1,64113,319,26.133325
2017-03-20 04:00:00+00:00,26.14,26.175,26.0262,26.04,32817,139,26.085499
2017-03-21 04:00:00+00:00,26.3,26.31,25.92,25.97,86322,236,26.018019
2017-03-22 04:00:00+00:00,25.8,26.0,25.8,25.93,118146,189,25.91822
2017-03-23 04:00:00+00:00,25.98,26.1201,25.96,26.05,35868,133,26.02802
2017-03-24 04:00:00+00:00,25.96,26.0812,25.96,25.99,58710,203,26.021782
2017-03-27 04:00:00+00:00,25.9916,26.1163,25.9916,26.1,39168,137,26.068305
2017-03-28 04:00:00+00:00,26.18,26.25,26.1001,26.21,81662,223,26.198569
2017-03-29 04:00:00+00:00,26.17,26.248,26.1397,26.22,80465,197,26.199558
2017-03-30 04:00:00+00:00,26.22,26.27,26.15,26.15,22446,120,26.193197
2017-03-31 04:00:00+00:00,26.12,26.1999,26.02,26.17,73797,226,26.167812
2017-04-03 04:00:00+00:00,26.2,26.2,25.9827,26.15,47578,188,26.067209
2017-04-04 04:00:00+00:00,25.93,26.15,25.93,26.1,67627,143,26.008274
2017-04-05 04:00:00+00:00,26.0756,26.18,26.02,26.03,21954,115,26.102822
2017-04-06 04:00:00+00:00,26.07,26.0836,25.99,26.05,33850,161,26.037877
2017-04-07 04:00:00+00:00,25.96,26.095,25.96,25.99,35142,156,26.036884
2017-04-10 04:00:00+00:00,26.01,26.085,26.0,26.04,19764,149,26.036576
2017-04-11 04:00:00+00:00,26.09,26.17,25.97,26.16,44719,251,26.091798
2017-04-12 04:00:00+00:00,26.12,26.17,26.03,26.17,38809,116,26.058674
2017-04-13 04:00:00+00:00,26.0543,26.09,25.96,25.99,33146,146,26.017899
2017-04-17 04:00:00+00:00,26.07,26.28,26.0501,26.23,226315,174,26.255671
2017-04-18 04:00:00+00:00,26.07,26.079,25.91,26.0365,132812,211,26.008476
2017-04-19 04:00:00+00:00,26.0905,26.11,25.92,25.94,70212,235,26.042532
2017-04-20 04:00:00+00:00,26.13,26.2,26.12,26.16,108003,208,26.164749
2017-04-21 04:00:00+00:00,26.11,26.15,26.05,26.15,79186,251,26.114254
2017-04-24 04:00:00+00:00,26.65,26.765,26.64,26.76,62523,227,26.720656
2017-04-25 04:00:00+00:00,26.81,26.92,26.7893,26.9,69868,247,26.890955
2017-04-26 04:00:00+00:00,26.82,26.91,26.769,26.86,129905,368,26.845202
2017-04-27 04:00:00+00:00,26.8499,26.8799,26.7928,26.86,114398,184,26.812547
2017-04-28 04:00:00+00:00,26.855,26.89,26.84,26.84,54551,225,26.860237
2017-05-01 04:00:00+00:00,26.96,26.965,26.8773,26.95,50652,365,26.940813
2017-05-02 04:00:00+00:00,27.02,27.11,26.9214,27.03,87344,259,27.052567
2017-05-03 04:00:00+00:00,26.99,27.03,26.9547,27.0,52984,304,27.004848
2017-05-04 04:00:00+00:00,27.09,27.23,27.08,27.22,72062,230,27.154516
2017-05-05 04:00:00+00:00,27.25,27.51,27.189,27.46,51731,259,27.405959
2017-05-08 04:00:00+00:00,27.42,27.42,27.26,27.33,22935,109,27.310219
2017-05-09 04:00:00+00:00,27.3,27.34,27.1901,27.28,104999,270,27.269029
2017-05-10 04:00:00+00:00,27.322,27.3581,27.27,27.3179,43580,176,27.334156
2017-05-11 04:00:00+00:00,27.19,27.25,27.14,27.21,25637,117,27.220638
2017-05-12 04:00:00+00:00,27.28,27.4,27.25,27.36,24204,100,27.328552
2017-05-15 04:00:00+00:00,27.47,27.56,27.4299,27.5,36084,192,27.507893
2017-05-16 04:00:00+00:00,27.67,27.73,27.63,27.69,245226,292,27.694981
2017-05-17 04:00:00+00:00,27.55,27.58,27.33,27.33,150080,238,27.440278
2017-05-18 04:00:00+00:00,27.34,27.4693,27.277,27.44,146461,191,27.380947
2017-05-19 04:00:00+00:00,27.62,27.74,27.62,27.7,97651,369,27.698857
2017-05-22 04:00:00+00:00,27.8,27.84,27.765,27.81,34038,115,27.823537
2017-05-23 04:00:00+00:00,27.87,27.8772,27.7201,27.74,269567,168,27.790852
2017-05-24 04:00:00+00:00,27.69,27.79,27.6694,27.7895,45340,140,27.694772
2017-05-25 04:00:00+00:00,27.78,27.87,27.7557,27.79,42008,194,27.790768
2017-05-26 04:00:00+00:00,27.65,27.72,27.65,27.68,139610,310,27.704879
2017-05-30 04:00:00+00:00,27.69,27.779,27.69,27.74,41093,165,27.733867
2017-05-31 04:00:00+00:00,27.94,27.94,27.785,27.82,152778,316,27.83981
2017-06-01 04:00:00+00:00,27.94,28.035,27.9181,28.03,30164,190,27.985916
2017-06-02 04:00:00+00:00,28.14,28.315,28.14,28.3,44492,176,28.260065
2017-06-05 04:00:00+00:00,28.17,28.2194,28.1372,28.1401,61848,150,28.183282
2017-06-06 04:00:00+00:00,28.06,28.12,28.03,28.11,135964,207,28.094044
2017-06-07 04:00:00+00:00,28.14,28.19,27.9938,28.11,39751,180,28.093315
2017-06-08 04:00:00+00:00,27.97,28.0692,27.951,28.04,95555,205,28.003635
2017-06-09 04:00:00+00:00,27.88,27.99,27.82,27.93,42457,208,27.911833
2017-06-12 04:00:00+00:00,27.8,27.849,27.7255,27.83,51312,170,27.810859
2017-06-13 04:00:00+00:00,27.98,28.0899,27.96,28.05,51685,208,28.028623
2017-06-14 04:00:00+00:00,28.22,28.22,27.9506,28.05,21688,126,28.089263
2017-06-15 04:00:00+00:00,27.61,27.7599,27.6037,27.75,61269,84,27.685462
2017-06-16 04:00:00+00:00,27.86,27.98,27.79,27.94,23352,131,27.924307
2017-06-19 04:00:00+00:00,28.0518,28.1592,28.0518,28.13,36149,115,28.118947
2017-06-20 04:00:00+00:00,28.1,28.1,27.85,27.9,24820,118,27.963477
2017-06-21 04:00:00+00:00,27.81,27.8916,27.76,27.85,39797,256,27.831804
2017-06-22 04:00:00+00:00,27.8,27.9219,27.8,27.83,68433,260,27.875712
2017-06-23 04:00:00+00:00,27.55,27.7075,27.55,27.64,42737,174,27.639909
2017-06-26 04:00:00+00:00,27.81,27.886,27.69,27.72,51090,197,27.757071
2017-06-27 04:00:00+00:00,27.71,27.783,27.67,27.67,219439,304,27.712407
2017-06-28 04:00:00+00:00,27.78,27.9637,27.78,27.89,51586,262,27.902091
2017-06-29 04:00:00+00:00,27.82,27.82,27.579,27.67,89961,235,27.671173
2017-06-30 04:00:00+00:00,27.74,27.742,27.5634,27.68,57881,237,27.674267
2017-07-03 04:00:00+00:00,27.71,27.73,27.63,27.68,60281,123,27.670226
2017-07-05 04:00:00+00:00,27.54,27.688,27.5,27.67,65601,376,27.605078
2017-07-06 04:00:00+00:00,27.5,27.56,27.45,27.48,56775,273,27.497462
2017-07-07 04:00:00+00:00,27.45,27.57,27.367,27.54,19374,184,27.513287
2017-07-10 04:00:00+00:00,27.44,27.58,27.42,27.51,183187,568,27.479066
2017-07-11 04:00:00+00:00,27.44,27.6175,27.41,27.52,52456,238,27.49943
2017-07-12 04:00:00+00:00,27.73,27.875,27.73,27.81,116424,232,27.791113
2017-07-13 04:00:00+00:00,27.8,27.96,27.8,27.89,142724,790,27.905534
2017-07-14 04:00:00+00:00,27.99,28.13,27.97,28.1,36362,150,28.040238
2017-07-17 04:00:00+00:00,28.06,28.1599,27.97,28.04,118985,758,28.086317
2017-07-18 04:00:00+00:00,28.1,28.1699,28.03,28.09,69471,314,28.096857
2017-07-19 04:00:00+00:00,28.1884,28.29,28.1648,28.27,53812,248,28.234998
2017-07-20 04:00:00+00:00,28.3,28.38,28.2868,28.36,23145,123,28.355856
2017-07-21 04:00:00+00:00,28.22,28.25,28.07,28.25,75662,261,28.160367
2017-07-24 04:00:00+00:00,28.14,28.21,28.07,28.19,25295,158,28.135318
2017-07-25 04:00:00+00:00,28.3272,28.3463,28.2206,28.23,84995,239,28.281773
2017-07-26 04:00:00+00:00,28.29,28.47,28.2501,28.39,56721,174,28.308338
2017-07-27 04:00:00+00:00,28.49,28.49,28.2207,28.28,42975,144,28.329465
2017-07-28 04:00:00+00:00,28.25,28.4299,28.25,28.35,20571,83,28.347926
2017-07-31 04:00:00+00:00,28.39,28.4899,28.35,28.44,30329,164,28.41154
2017-08-01 04:00:00+00:00,28.61,28.6691,28.52,28.52,34370,183,28.598421
2017-08-02 04:00:00+00:00,28.58,28.6457,28.53,28.6,39983,163,28.596253
2017-08-03 04:00:00+00:00,28.5966,28.67,28.56,28.61,33255,146,28.614566
2017-08-04 04:00:00+00:00,28.6,28.63,28.514,28.55,26744,185,28.580676
2017-08-07 04:00:00+00:00,28.52,28.61,28.52,28.59,29721,151,28.581394
2017-08-08 04:00:00+00:00,28.54,28.619,28.45,28.46,30170,166,28.541277
2017-08-09 04:00:00+00:00,28.39,28.43,28.3179,28.37,32211,148,28.36625
2017-08-10 04:00:00+00:00,28.2877,28.306,28.0501,28.06,37522,177,28.134304
2017-08-11 04:00:00+00:00,28.03,28.131,27.9801,28.04,104117,151,28.06006
2017-08-14 04:00:00+00:00,28.21,28.33,28.21,28.28,40640,138,28.27232
2017-08-15 04:00:00+00:00,28.24,28.2712,28.1478,28.23,53343,211,28.21638
2017-08-16 04:00:00+00:00,28.3,28.4699,28.29,28.41,62195,206,28.384508
2017-08-17 04:00:00+00:00,28.36,28.4016,28.18,28.19,63484,277,28.256255
2017-08-18 04:00:00+00:00,28.2,28.31,28.15,28.19,143481,314,28.241952
2017-08-21 04:00:00+00:00,28.198,28.269,28.1601,28.19,37846,197,28.223954
2017-08-22 04:00:00+00:00,28.26,28.353,28.26,28.32,15711,115,28.317654
2017-08-23 04:00:00+00:00,28.27,28.366,28.26,28.35,45973,153,28.304991
2017-08-24 04:00:00+00:00,28.33,28.3973,28.3,28.32,32837,126,28.336214
2017-08-25 04:00:00+00:00,28.4,28.5099,28.3768,28.47,27330,128,28.465674
2017-08-28 04:00:00+00:00,28.51,28.51,28.41,28.44,24533,159,28.442538
2017-08-29 04:00:00+00:00,28.3,28.3999,28.3,28.35,100970,225,28.343501
2017-08-30 04:00:00+00:00,28.3,28.33,28.25,28.31,88358,231,28.300172
2017-08-31 04:00:00+00:00,28.46,28.5799,28.395,28.53,33612,198,28.502112
2017-09-01 04:00:00+00:00,28.67,28.67,28.5666,28.6,31423,100,28.614598
2017-09-05 04:00:00+00:00,28.522,28.5271,28.29,28.37,23058,169,28.398496
2017-09-06 04:00:00+00:00,28.52,28.63,28.5,28.6,191875,325,28.615457
2017-09-07 04:00:00+00:00,28.79,28.84,28.73,28.83,885412,154,28.751278
2017-09-08 04:00:00+00:00,28.89,28.9299,28.8,28.81,50797,177,28.851372
2017-09-11 04:00:00+00:00,28.98,29.11,28.98,29.02,27036,191,29.056768
2017-09-12 04:00:00+00:00,29.14,29.158,29.0496,29.12,32708,173,29.11051
2017-09-13 04:00:00+00:00,29.05,29.0651,28.84,28.944,244415,316,28.892404
2017-09-14 04:00:00+00:00,28.82,29.0368,28.82,29.02,147095,443,28.980896
2017-09-15 04:00:00+00:00,29.01,29.04,28.9313,29.0,58976,188,29.007952
2017-09-18 04:00:00+00:00,29.08,29.15,28.93,29.07,41382,211,29.074828
2017-09-19 04:00:00+00:00,29.0829,29.1699,29.06,29.16,43751,193,29.120019
2017-09-20 04:00:00+00:00,29.17,29.24,28.978,29.17,53427,214,29.109345
2017-09-21 04:00:00+00:00,28.96,29.069,28.96,28.96,51059,214,29.022564
2017-09-22 04:00:00+00:00,28.93,29.03,28.906,28.97,127169,146,28.945215
2017-09-25 04:00:00+00:00,28.89,28.9599,28.784,28.88,51057,259,28.851801
2017-09-26 04:00:00+00:00,28.76,28.77,28.65,28.76,176307,216,28.740779
2017-09-27 04:00:00+00:00,28.66,28.8399,28.66,28.829,35546,206,28.764325
2017-09-28 04:00:00+00:00,28.75,28.9,28.75,28.87,41430,158,28.851569
2017-09-29 04:00:00+00:00,28.92,29.0399,28.8469,29.01,80932,301,28.946526
2017-10-02 04:00:00+00:00,28.93,29.05,28.93,29.02,87654,410,29.011991
2017-10-03 04:00:00+00:00,29.05,29.13,29.0289,29.11,60922,321,29.088403
2017-10-04 04:00:00+00:00,29.08,29.0999,28.9901,29.06,29117,160,29.062286
2017-10-05 04:00:00+00:00,28.99,29.05,28.99,29.03,44632,156,29.028317
2017-10-06 04:00:00+00:00,28.89,28.9999,28.87,28.93,46567,211,28.930422
2017-10-09 04:00:00+00:00,29.01,29.039,28.96,28.96,21130,134,29.009316
2017-10-10 04:00:00+00:00,29.16,29.28,29.15,29.23,33251,223,29.218541
2017-10-11 04:00:00+00:00,29.2605,29.34,29.224,29.33,74098,398,29.276855
2017-10-12 04:00:00+00:00,29.32,29.379,29.26,29.3097,91602,320,29.331224
2017-10-13 04:00:00+00:00,29.5,29.54,29.38,29.51,46240,145,29.504806
2017-10-16 04:00:00+00:00,29.51,29.5139,29.41,29.42,56077,225,29.452966
2017-10-17 04:00:00+00:00,29.34,29.4,29.272,29.36,41821,202,29.317097
2017-10-18 04:00:00+00:00,29.38,29.45,29.3492,29.42,59458,251,29.404985
2017-10-19 04:00:00+00:00,29.27,29.37,29.2681,29.37,26366,176,29.325458
2017-10-20 04:00:00+00:00,29.34,29.3614,29.26,29.33,41032,125,29.325263
2017-10-23 04:00:00+00:00,29.3767,29.3767,29.2436,29.2436,62145,250,29.294354
2017-10-24 04:00:00+00:00,29.3,29.35,29.26,29.26,62086,217,29.310284
2017-10-25 04:00:00+00:00,29.28,29.3599,29.09,29.19,47536,269,29.17823
2017-10-26 04:00:00+00:00,29.25,29.3,29.18,29.18,28293,155,29.243865
2017-10-27 04:00:00+00:00,29.12,29.24,29.12,29.23,41664,219,29.165175
2017-10-30 04:00:00+00:00,29.24,29.3,29.2198,29.3,73154,244,29.257903
2017-10-31 04:00:00+00:00,29.31,29.4,29.2736,29.34,78787,380,29.36598
2017-11-01 04:00:00+00:00,29.53,29.53,29.4,29.4,78241,290,29.442618
2017-11-02 04:00:00+00:00,29.39,29.47,29.35,29.47,33653,166,29.397691
2017-11-03 04:00:00+00:00,29.45,29.4509,29.3664,29.45,69620,219,29.411068
2017-11-06 05:00:00+00:00,29.36,29.52,29.36,29.51,32329,163,29.457139
2017-11-07 05:00:00+00:00,29.45,29.5,29.34,29.41,59565,228,29.415868
2017-11-08 05:00:00+00:00,29.47,29.56,29.4536,29.53,49295,260,29.517882
2017-11-09 05:00:00+00:00,29.26,29.38,29.17,29.38,30745,197,29.314852
2017-11-10 05:00:00+00:00,29.3321,29.37,29.2364,29.35,57056,234,29.305586
2017-11-13 05:00:00+00:00,29.03,29.1836,29.03,29.13,73960,222,29.115468
2017-11-14 05:00:00+00:00,29.12,29.1699,29.0781,29.15,56338,291,29.131443
2017-11-15 05:00:00+00:00,28.92,29.0263,28.889,28.99,74002,256,28.991163
2017-11-16 05:00:00+00:00,29.19,29.27,29.1717,29.26,91379,331,29.231101
2017-11-17 05:00:00+00:00,29.13,29.23,29.1201,29.2,63535,392,29.188937
2017-11-20 05:00:00+00:00,29.27,29.34,29.208,29.27,50874,303,29.293491
2017-11-21 05:00:00+00:00,29.41,29.4828,29.41,29.4423,25989,156,29.454173
2017-11-22 05:00:00+00:00,29.55,29.56,29.39,29.52,44850,252,29.521628
2017-11-24 05:00:00+00:00,29.76,29.7999,29.7254,29.77,19268,171,29.763793
2017-11-27 05:00:00+00:00,29.72,29.736,29.61,29.62,32186,174,29.651
2017-11-28 05:00:00+00:00,29.66,29.75,29.6027,29.71,37578,199,29.696525
2017-11-29 05:00:00+00:00,29.73,29.7699,29.57,29.61,173385,301,29.699484
2017-11-30 05:00:00+00:00,29.79,29.8037,29.6159,29.665,461936,267,29.719966
2017-12-01 05:00:00+00:00,29.49,29.67,29.49,29.592,70848,290,29.591535
2017-12-04 05:00:00+00:00,29.65,29.6799,29.51,29.52,51212,288,29.600964
2017-12-05 05:00:00+00:00,29.49,29.62,29.45,29.49,37724,183,29.53998
2017-12-06 05:00:00+00:00,29.37,29.4599,29.37,29.39,46368,272,29.424532
2017-12-07 05:00:00+00:00,29.4478,29.57,29.434,29.47,137658,231,29.530573
2017-12-08 05:00:00+00:00,29.61,29.68,29.5601,29.66,38686,209,29.635276
2017-12-11 05:00:00+00:00,29.67,29.745,29.6345,29.66,49899,250,29.68911
2017-12-12 05:00:00+00:00,29.62,29.7299,29.575,29.7299,30983,215,29.667476
2017-12-13 05:00:00+00:00,29.75,29.881,29.6801,29.82,54479,320,29.800805
2017-12-14 05:00:00+00:00,29.84,29.8799,29.66,29.7,47887,219,29.760447
2017-12-15 05:00:00+00:00,29.67,29.74,29.63,29.68,62312,297,29.688914
2017-12-18 05:00:00+00:00,29.97,30.0799,29.915,29.99,75807,234,30.018836
2017-12-19 05:00:00+00:00,29.94,29.9699,29.8619,29.92,114337,284,29.913133
2017-12-20 05:00:00+00:00,29.93,29.959,29.82,29.83,85306,366,29.88498
2017-12-21 05:00:00+00:00,29.69,29.87,29.69,29.72,183883,344,29.759801
2017-12-22 05:00:00+00:00,29.75,29.82,29.73,29.78,60758,340,29.773384
2017-12-26 05:00:00+00:00,29.77,29.9,29.77,29.8,39899,234,29.86312
2017-12-27 05:00:00+00:00,29.84,29.94,29.84,29.91,46583,293,29.915269
2017-12-28 05:00:00+00:00,29.99,30.0499,29.96,30.01,37027,210,29.987641
2017-12-29 05:00:00+00:00,30.08,30.1,30.0,30.0,78356,351,30.052941
2018-01-02 05:00:00+00:00,30.04,30.2,30.04,30.15,183577,518,30.111707
2018-01-03 05:00:00+00:00,30.21,30.39,30.176,30.3512,308901,458,30.312685
2018-01-04 05:00:00+00:00,30.55,30.688,30.54,30.59,189294,262,30.579057
2018-01-05 05:00:00+00:00,30.69,30.9738,30.64,30.77,115227,373,30.741836
2018-01-08 05:00:00+00:00,30.78,30.78,30.64,30.68,278331,588,30.678621
2018-01-09 05:00:00+00:00,30.6897,30.82,30.6501,30.79,213150,536,30.771009
2018-01-10 05:00:00+00:00,30.78,30.8348,30.63,30.67,98123,521,30.722975
2018-01-11 05:00:00+00:00,30.76,30.9099,30.7555,30.86,98763,494,30.836089
2018-01-12 05:00:00+00:00,30.97,31.18,30.96,31.13,211796,743,31.076319
2018-01-16 05:00:00+00:00,31.32,32.475,31.1232,31.18,126082,593,31.329181
2018-01-17 05:00:00+00:00,31.27,31.52,31.21,31.44,85031,468,31.354511
2018-01-18 05:00:00+00:00,31.27,31.41,31.22,31.28,137464,595,31.312178
2018-01-19 05:00:00+00:00,31.45,31.522,31.3501,31.47,162097,668,31.443435
2018-01-22 05:00:00+00:00,31.47,31.668,31.4201,31.57,85588,445,31.553193
2018-01-23 05:00:00+00:00,31.65,31.7599,31.6101,31.68,131492,542,31.682767
2018-01-24 05:00:00+00:00,31.86,31.9499,31.6504,31.82,149974,604,31.810748
2018-01-25 05:00:00+00:00,31.92,31.96,31.57,31.63,1129888,1156,31.85408
2018-01-26 05:00:00+00:00,31.85,31.95,31.81,31.92,102686,497,31.883682
2018-01-29 05:00:00+00:00,31.72,31.7699,31.62,31.65,105456,489,31.692401
2018-01-30 05:00:00+00:00,31.59,31.59,31.4023,31.45,114602,554,31.464358
2018-01-31 05:00:00+00:00,31.55,31.6,31.3448,31.44,94710,372,31.479138
2018-02-01 05:00:00+00:00,31.4535,31.575,31.3988,31.49,57327,315,31.507395
2018-02-02 05:00:00+00:00,31.17,31.2299,30.79,30.79,125857,580,31.005481
2018-02-05 05:00:00+00:00,30.46,30.61,29.52,29.52,209257,950,30.271917
2018-02-06 05:00:00+00:00,29.5,30.209,29.5,30.17,206784,862,29.775183
2018-02-07 05:00:00+00:00,29.92,30.1157,29.7609,29.86,113179,531,29.974602
2018-02-08 05:00:00+00:00,29.88,29.88,29.07,29.08,211304,574,29.355615
2018-02-09 05:00:00+00:00,29.27,29.3425,28.541,29.23,168441,796,28.989121
2018-02-12 05:00:00+00:00,29.4,29.6999,29.3679,29.571,140040,402,29.602433
2018-02-13 05:00:00+00:00,29.48,29.61,29.44,29.57,126242,396,29.55463
2018-02-14 05:00:00+00:00,29.41,30.15,29.41,30.1388,105237,466,29.888246
2018-02-15 05:00:00+00:00,30.33,30.3999,30.15,30.34,54798,269,30.261272
2018-02-16 05:00:00+00:00,30.42,30.6386,30.42,30.53,123768,392,30.559203
2018-02-20 05:00:00+00:00,30.33,30.4209,30.2001,30.25,69961,363,30.309222
2018-02-21 05:00:00+00:00,30.3342,30.48,30.1549,30.18,331452,308,30.317708
2018-02-22 05:00:00+00:00,30.25,30.4081,30.1901,30.21,318391,412,30.333325
2018-02-23 05:00:00+00:00,30.32,30.5,30.28,30.5,67922,422,30.391601
2018-02-26 05:00:00+00:00,30.62,30.739,30.499,30.73,64489,321,30.662215
2018-02-27 05:00:00+00:00,30.48,30.5899,30.27,30.29,97010,256,30.38934
2018-02-28 05:00:00+00:00,30.29,30.353,30.0,30.0,87528,372,30.211066
2018-03-01 05:00:00+00:00,29.84,29.91,29.37,29.57,163907,673,29.619384
2018-03-02 05:00:00+00:00,29.45,29.68,29.35,29.68,90873,329,29.539002
2018-03-05 05:00:00+00:00,29.49,29.85,29.48,29.84,396974,698,29.654631
2018-03-06 05:00:00+00:00,30.01,30.0999,29.93,30.05,149618,393,30.010735
2018-03-07 05:00:00+00:00,29.91,30.0499,29.85,30.0,42053,237,29.965054
2018-03-08 05:00:00+00:00,30.11,30.17,29.9588,30.12,85925,375,30.059143
2018-03-09 05:00:00+00:00,30.16,30.3,30.1058,30.24,68803,344,30.229501
2018-03-12 04:00:00+00:00,30.31,30.38,30.2742,30.31,442714,430,30.310981
2018-03-13 04:00:00+00:00,30.37,30.4499,30.05,30.12,175741,277,30.138568
2018-03-14 04:00:00+00:00,30.36,30.37,30.1248,30.22,82633,326,30.212913
2018-03-15 04:00:00+00:00,30.24,30.3562,30.16,30.23,169630,337,30.244622
2018-03-16 04:00:00+00:00,30.14,30.269,30.1014,30.12,50682,318,30.189845
2018-03-19 04:00:00+00:00,30.04,30.1,29.8,29.95,70649,460,29.947692
2018-03-20 04:00:00+00:00,29.91,30.0,29.8594,29.96,137812,571,29.927568
2018-03-21 04:00:00+00:00,29.94,30.1042,29.87,29.99,92440,311,29.994947
2018-03-22 04:00:00+00:00,29.76,29.8267,29.51,29.51,84992,365,29.682535
2018-03-23 04:00:00+00:00,29.5,29.5399,29.11,29.11,96564,449,29.342342
2018-03-26 04:00:00+00:00,29.5,29.605,29.2401,29.605,93174,350,29.492478
2018-03-27 04:00:00+00:00,29.66,29.7799,29.2877,29.41,53036,292,29.601998
2018-03-28 04:00:00+00:00,29.53,29.76,29.466,29.51,67506,327,29.573494
2018-03-29 04:00:00+00:00,29.7,29.921,29.7,29.84,83725,423,29.806437
2018-04-02 04:00:00+00:00,29.74,29.8099,29.22,29.4,57910,327,29.405676
2018-04-03 04:00:00+00:00,29.59,29.6209,29.4201,29.6,197843,560,29.509482
2018-04-04 04:00:00+00:00,29.24,29.73,29.24,29.7,135378,505,29.530099
2018-04-05 04:00:00+00:00,29.88,29.9899,29.85,29.9212,71527,226,29.924217
2018-04-06 04:00:00+00:00,29.92,30.0299,29.66,29.74,56815,241,29.844206
2018-04-09 04:00:00+00:00,30.03,30.199,29.8801,30.02,36623,273,30.115919
2018-04-10 04:00:00+00:00,30.29,30.3599,30.16,30.28,71060,259,30.265256
2018-04-11 04:00:00+00:00,30.0701,30.2691,30.07,30.095,81357,275,30.171826
2018-04-12 04:00:00+00:00,30.17,30.279,30.1472,30.23,120682,263,30.209734
2018-04-13 04:00:00+00:00,30.24,30.2712,30.15,30.24,46583,268,30.222721
2018-04-16 04:00:00+00:00,30.32,30.36,30.2215,30.29,63704,287,30.313462
2018-04-17 04:00:00+00:00,30.36,30.5399,30.35,30.49,57076,321,30.463103
2018-04-18 04:00:00+00:00,30.61,30.6899,30.5803,30.6535,68051,268,30.649816
2018-04-19 04:00:00+00:00,30.6,30.63,30.42,30.5,75324,323,30.503055
2018-04-20 04:00:00+00:00,30.38,30.4144,30.31,30.36,70652,272,30.371411
2018-04-23 04:00:00+00:00,30.31,30.3865,30.2219,30.31,94311,549,30.30667
2018-04-24 04:00:00+00:00,30.38,30.421,30.15,30.17,79661,430,30.276499
2018-04-25 04:00:00+00:00,30.05,30.15,29.9815,30.13,41093,240,30.062129
2018-04-26 04:00:00+00:00,30.28,30.339,30.1822,30.29,50257,261,30.277403
2018-04-27 04:00:00+00:00,30.31,30.3899,30.2501,30.37,47634,293,30.344332
2018-04-30 04:00:00+00:00,30.33,30.41,30.2425,30.26,67602,276,30.327288
2018-05-01 04:00:00+00:00,30.24,30.24,29.99,30.155,66507,315,30.111735
2018-05-02 04:00:00+00:00,30.32,30.35,30.1355,30.17,62033,307,30.273922
2018-05-03 04:00:00+00:00,30.21,30.27,29.9842,30.25,56787,297,30.15204
2018-05-04 04:00:00+00:00,30.01,30.3796,30.01,30.35,71275,419,30.266989
2018-05-07 04:00:00+00:00,30.35,30.4699,30.3,30.4,184167,384,30.407573
2018-05-08 04:00:00+00:00,30.28,30.3999,30.21,30.26,501626,1283,30.258021
2018-05-09 04:00:00+00:00,30.27,30.42,30.23,30.39,106690,459,30.345024
2018-05-10 04:00:00+00:00,30.5,30.62,30.4401,30.58,50138,266,30.554062
2018-05-11 04:00:00+00:00,30.72,30.7736,30.638,30.71,80241,289,30.706128
2018-05-14 04:00:00+00:00,30.82,30.8899,30.7413,30.77,71318,335,30.820626
2018-05-15 04:00:00+00:00,30.54,30.61,30.46,30.558,2996114,338,30.587853
2018-05-16 04:00:00+00:00,30.58,30.69,30.52,30.645,101341,395,30.601552
2018-05-17 04:00:00+00:00,30.64,30.74,30.583,30.61,80710,335,30.673483
2018-05-18 04:00:00+00:00,30.56,30.6299,30.5056,30.6,53753,290,30.581929
2018-05-21 04:00:00+00:00,30.77,30.85,30.7101,30.84,187902,776,30.795042
2018-05-22 04:00:00+00:00,30.88,30.896,30.71,30.71,70618,448,30.815602
2018-05-23 04:00:00+00:00,30.44,30.51,30.33,30.51,87575,483,30.43398
2018-05-24 04:00:00+00:00,30.42,30.5,30.24,30.38,85613,321,30.359798
2018-05-25 04:00:00+00:00,30.32,30.3608,30.2448,30.28,80329,344,30.305737
2018-05-29 04:00:00+00:00,29.95,29.98,29.6401,29.8,112477,525,29.792918
2018-05-30 04:00:00+00:00,30.04,30.27,29.9107,30.18,214273,474,30.086696
2018-05-31 04:00:00+00:00,30.21,30.21,29.92,30.12,1056923,1105,30.074586
2018-06-01 04:00:00+00:00,30.3,30.3,30.15,30.265,255697,274,30.272022
2018-06-04 04:00:00+00:00,30.43,30.4999,30.321,30.38,142941,286,30.388306
2018-06-05 04:00:00+00:00,30.36,30.42,30.27,30.37,89819,256,30.319489
2018-06-06 04:00:00+00:00,30.48,30.649,30.3853,30.62,94213,505,30.552735
2018-06-07 04:00:00+00:00,30.65,30.6638,30.43,30.46,71162,257,30.547745
2018-06-08 04:00:00+00:00,30.44,30.55,30.41,30.52,136650,209,30.50053
2018-06-11 04:00:00+00:00,30.59,30.77,30.59,30.66,102235,350,30.710899
2018-06-12 04:00:00+00:00,30.67,30.6999,30.53,30.61,520352,306,30.557914
2018-06-13 04:00:00+00:00,30.73,30.769,30.4601,30.66,105504,334,30.660877
2018-06-14 04:00:00+00:00,30.64,30.679,30.55,30.55,80910,229,30.62502
2018-06-15 04:00:00+00:00,30.42,30.4568,30.32,30.39,108767,317,30.391269
2018-06-18 04:00:00+00:00,30.14,30.25,30.1001,30.25,105846,417,30.189719
2018-06-19 04:00:00+00:00,29.87,29.98,29.7451,29.97,137105,436,29.90302
2018-06-20 04:00:00+00:00,30.05,30.06,29.9,29.92,139361,447,29.969811
2018-06-21 04:00:00+00:00,29.88,29.9,29.7548,29.81,111128,416,29.836302
2018-06-22 04:00:00+00:00,30.09,30.19,30.0248,30.0708,76114,358,30.118323
2018-06-25 04:00:00+00:00,29.54,29.54,29.2342,29.34,99163,344,29.357668
2018-06-26 04:00:00+00:00,29.4,29.41,29.2399,29.36,262160,582,29.351705
2018-06-27 04:00:00+00:00,29.42,29.4872,29.09,29.14,123574,501,29.292833
2018-06-28 04:00:00+00:00,29.09,29.18,28.998,29.16,74566,337,29.106344
2018-06-29 04:00:00+00:00,29.39,29.48,29.3376,29.38,104929,441,29.403931
2018-07-02 04:00:00+00:00,28.94,29.0527,28.88,29.01,247738,923,28.938538
2018-07-03 04:00:00+00:00,29.25,29.25,29.0901,29.12,66777,278,29.178504
2018-07-05 04:00:00+00:00,29.35,29.369,29.24,29.3,101565,456,29.31582
2018-07-06 04:00:00+00:00,29.36,29.56,29.36,29.54,95375,247,29.510299
2018-07-09 04:00:00+00:00,29.72,29.79,29.68,29.73,187429,345,29.735511
2018-07-10 04:00:00+00:00,29.69,29.81,29.69,29.77,213032,439,29.747688
2018-07-11 04:00:00+00:00,29.46,29.5629,29.26,29.34,97109,425,29.364361
2018-07-12 04:00:00+00:00,29.5,29.61,29.44,29.6,172663,337,29.545398
2018-07-13 04:00:00+00:00,29.58,29.7,29.52,29.64,125618,365,29.638698
2018-07-16 04:00:00+00:00,29.69,29.7299,29.62,29.71,135618,358,29.676753
2018-07-17 04:00:00+00:00,29.66,29.809,29.6385,29.77,261828,335,29.743522
2018-07-18 04:00:00+00:00,29.74,29.82,29.67,29.78,102598,315,29.774548
2018-07-19 04:00:00+00:00,29.6,29.7399,29.56,29.6502,179628,362,29.61174
2018-07-20 04:00:00+00:00,29.72,29.86,29.7001,29.84,87576,348,29.801384
2018-07-23 04:00:00+00:00,29.76,29.772,29.68,29.758,100496,295,29.73733
2018-07-24 04:00:00+00:00,29.96,30.0304,29.7905,29.84,93972,320,29.91201
2018-07-25 04:00:00+00:00,29.94,30.185,29.83,30.16,81041,282,29.991473
2018-07-26 04:00:00+00:00,30.0,30.0899,29.97,29.99,148413,238,30.012133
2018-07-27 04:00:00+00:00,30.12,30.15,29.97,30.04,83530,258,30.046835
2018-07-30 04:00:00+00:00,30.11,30.11,29.94,30.0,75705,255,30.025124
2018-07-31 04:00:00+00:00,30.03,30.07,29.925,30.01,137987,566,30.025539
2018-08-01 04:00:00+00:00,29.93,29.9807,29.8,29.83,53456,268,29.875532
2018-08-02 04:00:00+00:00,29.58,29.69,29.5,29.66,232607,520,29.635171
2018-08-03 04:00:00+00:00,29.52,29.7,29.52,29.7,174761,601,29.656225
2018-08-06 04:00:00+00:00,29.53,29.62,29.41,29.59,121832,416,29.570262
2018-08-07 04:00:00+00:00,29.75,29.81,29.63,29.64,137941,991,29.707806
2018-08-08 04:00:00+00:00,29.63,29.7,29.5211,29.67,99729,447,29.654154
2018-08-09 04:00:00+00:00,29.68,29.7197,29.54,29.61,280683,377,29.682724
2018-08-10 04:00:00+00:00,29.15,29.1506,29.0,29.1,150921,490,29.058474
2018-08-13 04:00:00+00:00,29.034,29.1,28.9,28.97,107832,412,28.966529
2018-08-14 04:00:00+00:00,29.04,29.0516,28.93,29.0,113265,381,29.00045
2018-08-15 04:00:00+00:00,28.7,28.7,28.408,28.64,314504,429,28.62251
2018-08-16 04:00:00+00:00,28.77,28.879,28.7133,28.799,132247,385,28.799335
2018-08-17 04:00:00+00:00,28.78,29.0254,28.74,29.0,174459,647,28.880035
2018-08-20 04:00:00+00:00,29.07,29.14,29.0201,29.1,111471,391,29.100267
2018-08-21 04:00:00+00:00,29.31,29.3899,29.2201,29.33,136815,553,29.320563
2018-08-22 04:00:00+00:00,29.43,29.469,29.36,29.43,232678,720,29.417875
2018-08-23 04:00:00+00:00,29.29,29.3392,29.17,29.23,142266,474,29.245262
2018-08-24 04:00:00+00:00,29.29,29.46,29.2701,29.41,84827,276,29.402853
2018-08-27 04:00:00+00:00,29.59,29.8,29.59,29.8,487124,486,29.743321
2018-08-28 04:00:00+00:00,29.85,29.8699,29.71,29.72,64756,236,29.76946
2018-08-29 04:00:00+00:00,29.74,29.9,29.705,29.89,205494,445,29.833947
2018-08-30 04:00:00+00:00,29.66,29.7345,29.63,29.67,88164,343,29.669135
2018-08-31 04:00:00+00:00,29.48,29.5782,29.3401,29.45,118104,271,29.419359
2018-09-04 04:00:00+00:00,29.11,29.2099,29.0332,29.19,216473,675,29.142715
2018-09-05 04:00:00+00:00,29.01,29.01,28.8201,28.9187,93466,376,28.898407
2018-09-06 04:00:00+00:00,28.87,28.9355,28.6801,28.83,104019,274,28.772455
2018-09-07 04:00:00+00:00,28.61,28.69,28.53,28.57,151859,556,28.612775
2018-09-10 04:00:00+00:00,28.83,28.83,28.72,28.7599,78164,284,28.762936
2018-09-11 04:00:00+00:00,28.69,28.85,28.65,28.84,642948,507,28.829064
2018-09-12 04:00:00+00:00,28.95,29.0899,28.88,29.05,373629,514,29.025562
2018-09-13 04:00:00+00:00,29.24,29.25,29.0609,29.1,155293,303,29.161104
2018-09-14 04:00:00+00:00,29.19,29.23,29.045,29.18,131219,308,29.13228
2018-09-17 04:00:00+00:00,29.29,29.3499,29.19,29.21,104765,411,29.26414
2018-09-18 04:00:00+00:00,29.37,29.549,29.37,29.49,90597,373,29.483
2018-09-19 04:00:00+00:00,29.53,29.629,29.4806,29.59,234029,294,29.594709
2018-09-20 04:00:00+00:00,29.82,29.9,29.7101,29.884,81590,390,29.819311
2018-09-21 04:00:00+00:00,29.82,29.91,29.7901,29.86,96186,311,29.860028
2018-09-24 04:00:00+00:00,29.79,29.8,29.6301,29.68,93734,262,29.705075
2018-09-25 04:00:00+00:00,29.9,29.96,29.78,29.82,103358,302,29.842733
2018-09-26 04:00:00+00:00,29.83,30.01,29.8,29.84,165474,401,29.907685
2018-09-27 04:00:00+00:00,29.74,29.86,29.6401,29.73,72512,315,29.778147
2018-09-28 04:00:00+00:00,29.53,29.6506,29.5001,29.56,72399,283,29.558753
2018-10-01 04:00:00+00:00,29.65,29.73,29.55,29.6,293348,333,29.58624
2018-10-02 04:00:00+00:00,29.35,29.4199,29.2801,29.4,341816,448,29.358481
2018-10-03 04:00:00+00:00,29.45,29.5,29.31,29.4,155652,404,29.421798
2018-10-04 04:00:00+00:00,29.13,29.13,28.8208,28.96,71450,312,28.939826
2018-10-05 04:00:00+00:00,28.87,28.9,28.6612,28.74,90921,369,28.767746
2018-10-08 04:00:00+00:00,28.47,28.63,28.4187,28.61,92867,340,28.523849
2018-10-09 04:00:00+00:00,28.38,28.59,28.28,28.54,161022,335,28.512259
2018-10-10 04:00:00+00:00,28.44,28.44,27.831,27.9,133416,427,28.063681
2018-10-11 04:00:00+00:00,27.81,27.86,27.3408,27.5,603960,486,27.509436
2018-10-12 04:00:00+00:00,27.75,27.75,27.38,27.65,254995,434,27.579268
2018-10-15 04:00:00+00:00,27.56,27.68,27.4836,27.64,164844,432,27.616917
2018-10-16 04:00:00+00:00,27.9,28.0599,27.8501,28.03,299865,363,27.965677
2018-10-17 04:00:00+00:00,27.93,27.94,27.72,27.82,1046145,332,27.860789
2018-10-18 04:00:00+00:00,27.78,27.7899,27.3423,27.4264,149703,488,27.545547
2018-10-19 04:00:00+00:00,27.57,27.7299,27.53,27.62,165232,340,27.621776
2018-10-22 04:00:00+00:00,27.66,27.66,27.41,27.51,115278,315,27.509154
2018-10-23 04:00:00+00:00,27.0,27.2995,26.8201,27.16,257578,784,27.099962
2018-10-24 04:00:00+00:00,27.06,27.069,26.43,26.49,192874,629,26.740624
2018-10-25 04:00:00+00:00,26.69,26.845,26.58,26.66,782388,1198,26.679018
2018-10-26 04:00:00+00:00,26.32,26.6275,26.1714,26.51,176255,514,26.451976
2018-10-29 04:00:00+00:00,26.76,26.8599,26.2,26.37,121144,364,26.58446
2018-10-30 04:00:00+00:00,26.45,26.65,26.45,26.65,371114,502,26.538564
2018-10-31 04:00:00+00:00,26.88,26.9899,26.8125,26.93,768866,412,26.930995
2018-11-01 04:00:00+00:00,27.13,27.23,27.04,27.2299,80239,278,27.187146
2018-11-02 04:00:00+00:00,27.47,27.6006,27.2,27.37,145705,384,27.392156
2018-11-05 05:00:00+00:00,27.29,27.839,27.2201,27.28,134388,378,27.289687
2018-11-06 05:00:00+00:00,27.32,27.43,27.299,27.42,81507,339,27.35281
2018-11-07 05:00:00+00:00,27.69,27.77,27.5701,27.77,256899,392,27.689191
2018-11-08 05:00:00+00:00,27.66,27.8171,27.4601,27.5,183444,423,27.603297
2018-11-09 05:00:00+00:00,27.31,27.4275,27.22,27.37,1531290,1513,27.30792
2018-11-12 05:00:00+00:00,27.19,27.42,26.9301,26.94,116601,437,27.039547
2018-11-13 05:00:00+00:00,27.01,27.18,26.962,27.04,459679,688,27.11827
2018-11-14 05:00:00+00:00,27.27,27.27,26.945,27.09,161686,640,27.104844
2018-11-15 05:00:00+00:00,26.85,27.21,26.79,27.13,245694,1107,27.000728
2018-11-16 05:00:00+00:00,26.96,27.2236,26.93,27.15,204844,491,27.101088
2018-11-19 05:00:00+00:00,27.11,27.1599,26.85,26.92,150549,397,26.944146
2018-11-20 05:00:00+00:00,26.53,26.6438,26.35,26.38,238595,554,26.502573
2018-11-21 05:00:00+00:00,26.82,26.95,26.57,26.68,239385,707,26.740399
2018-11-23 05:00:00+00:00,26.62,26.72,26.5897,26.657,127508,247,26.65235
2018-11-26 05:00:00+00:00,26.99,27.06,26.91,26.9931,186081,502,26.96741
2018-11-27 05:00:00+00:00,26.85,26.8599,26.7404,26.84,353309,818,26.800002
2018-11-28 05:00:00+00:00,26.86,27.2799,26.78,27.22,520643,753,27.093462
2018-11-29 05:00:00+00:00,27.1,27.23,27.05,27.15,407823,1326,27.121606
2018-11-30 05:00:00+00:00,26.94,27.1,26.89,27.1,655310,620,27.01081
2018-12-03 05:00:00+00:00,27.46,27.47,27.33,27.4,237587,658,27.392874
2018-12-04 05:00:00+00:00,27.28,27.35,26.7,26.71,252356,627,26.928185
2018-12-06 05:00:00+00:00,26.3,26.5299,26.01,26.47,461868,1337,26.291405
2018-12-07 05:00:00+00:00,26.54,26.7,26.23,26.32,445173,708,26.343675
2018-12-10 05:00:00+00:00,26.17,26.2199,25.7739,26.05,502186,661,26.018029
2018-12-11 05:00:00+00:00,26.27,26.3241,25.95,26.12,743563,1005,26.117515
2018-12-12 05:00:00+00:00,26.47,26.68,26.47,26.51,468051,797,26.610943
2018-12-13 05:00:00+00:00,26.58,26.5999,26.3901,26.51,270507,468,26.485633
2018-12-14 05:00:00+00:00,26.19,27.0595,26.1,26.17,295707,587,26.18745
2018-12-17 05:00:00+00:00,26.06,26.0822,25.7309,25.8,768475,1447,25.917021
2018-12-18 05:00:00+00:00,25.97,25.99,25.7659,25.85,1566786,1120,25.883191
2018-12-19 05:00:00+00:00,25.98,26.13,25.5142,25.59,276158,566,25.902503
2018-12-20 05:00:00+00:00,25.6,25.77,25.36,25.51,972158,1034,25.514594
2018-12-21 05:00:00+00:00,25.34,25.397,24.9814,25.04,608165,1168,25.139882
2018-12-24 05:00:00+00:00,24.9,24.91,24.4901,24.56,270369,460,24.742981
2018-12-26 05:00:00+00:00,24.65,25.85,24.4736,25.14,583349,1473,24.891041
2018-12-27 05:00:00+00:00,24.84,25.26,24.72,25.19,2231365,6200,24.906102
2018-12-28 05:00:00+00:00,25.46,25.55,25.2545,25.41,1017917,1903,25.390676
2018-12-31 05:00:00+00:00,25.47,25.5475,25.3,25.36,1015233,1573,25.434366
2019-01-02 05:00:00+00:00,25.11,25.39,25.05,25.36,138983,568,25.275878
2019-01-03 05:00:00+00:00,25.3,25.3,25.0794,25.16,143431,472,25.204338
2019-01-04 05:00:00+00:00,25.52,26.8822,25.48,25.95,682490,983,25.90856
2019-01-07 05:00:00+00:00,25.99,26.209,25.91,26.1,217731,842,26.07352
2019-01-08 05:00:00+00:00,26.24,26.4165,26.1476,26.27,187697,525,26.229674
2019-01-09 05:00:00+00:00,26.47,26.6599,26.46,26.63,232608,531,26.583915
2019-01-10 05:00:00+00:00,26.46,26.6799,26.45,26.66,84499,442,26.584409
2019-01-11 05:00:00+00:00,26.47,26.542,26.3934,26.48,147484,468,26.496818
2019-01-14 05:00:00+00:00,26.27,26.449,26.258,26.37,187918,527,26.384978
2019-01-15 05:00:00+00:00,26.42,26.5331,26.34,26.49,475927,461,26.481962
2019-01-16 05:00:00+00:00,26.52,26.6299,26.52,26.565,186890,564,26.59001
2019-01-17 05:00:00+00:00,26.48,26.77,26.4761,26.71,116129,506,26.599319
2019-01-18 05:00:00+00:00,26.93,27.0097,26.87,26.94,161452,447,26.963154
2019-01-22 05:00:00+00:00,26.73,26.75,26.5295,26.55,216770,559,26.64176
2019-01-23 05:00:00+00:00,26.75,26.81,26.59,26.72,226768,711,26.694053
2019-01-24 05:00:00+00:00,26.73,26.8199,26.65,26.75,157670,711,26.747597
2019-01-25 05:00:00+00:00,26.96,27.09,26.96,27.05,186536,468,27.043497
2019-01-28 05:00:00+00:00,26.8,26.9251,26.77,26.89,252042,546,26.869419
2019-01-29 05:00:00+00:00,27.08,27.12,26.97,26.9702,187449,536,27.043333
2019-01-30 05:00:00+00:00,27.12,27.41,27.0201,27.33,842061,477,27.133391
2019-01-31 05:00:00+00:00,27.23,27.3299,27.18,27.27,203881,466,27.251525
2019-02-01 05:00:00+00:00,27.29,27.37,27.23,27.3,111476,359,27.303809
2019-02-04 05:00:00+00:00,27.27,27.43,27.2001,27.39,302553,786,27.352983
2019-02-05 05:00:00+00:00,27.57,27.64,27.55,27.63,315581,722,27.604598
2019-02-06 05:00:00+00:00,27.52,27.559,27.401,27.41,263180,437,27.457723
2019-02-07 05:00:00+00:00,27.26,27.26,26.99,27.11,308219,557,27.082008
2019-02-08 05:00:00+00:00,26.92,26.99,26.8261,26.97,249020,487,26.911405
2019-02-11 05:00:00+00:00,26.99,26.9999,26.88,26.94,262366,770,26.934351
2019-02-12 05:00:00+00:00,27.19,27.25,27.1401,27.21,155995,444,27.210608
2019-02-13 05:00:00+00:00,27.32,27.396,27.23,27.25,163767,362,27.288949
2019-02-14 05:00:00+00:00,27.25,27.3464,27.1902,27.28,147935,288,27.301552
2019-02-15 05:00:00+00:00,27.49,27.62,27.4738,27.61,209658,517,27.570568
2019-02-19 05:00:00+00:00,27.55,27.8144,27.55,27.73,125706,413,27.735971
2019-02-20 05:00:00+00:00,27.77,27.93,27.75,27.81,146005,499,27.832196
2019-02-21 05:00:00+00:00,27.79,27.8065,27.7071,27.76,323319,458,27.744811
2019-02-22 05:00:00+00:00,27.84,27.94,27.83,27.88,140497,444,27.888677
2019-02-25 05:00:00+00:00,28.01,28.07,27.92,27.96,186318,549,27.959424
2019-02-26 05:00:00+00:00,27.98,28.1299,27.98,28.07,146421,362,28.07174
2019-02-27 05:00:00+00:00,27.95,28.04,27.885,27.97,551225,662,28.007301
2019-02-28 05:00:00+00:00,27.91,28.0,27.9,27.9,1432456,678,27.968551
2019-03-01 05:00:00+00:00,28.08,28.14,28.0234,28.07,160411,475,28.069384
2019-03-04 05:00:00+00:00,28.1,28.1192,27.8748,27.98,120278,399,27.978411
2019-03-05 05:00:00+00:00,27.94,28.04,27.94,28.0,126301,428,28.006642
2019-03-06 05:00:00+00:00,28.01,28.01,27.879,27.89,199861,602,27.926164
2019-03-07 05:00:00+00:00,27.79,27.79,27.54,27.55,415590,814,27.651578
2019-03-08 05:00:00+00:00,27.43,27.55,27.3801,27.55,149266,608,27.475212
2019-03-11 04:00:00+00:00,27.59,27.8,27.59,27.8,153484,540,27.705468
2019-03-12 04:00:00+00:00,27.79,27.849,27.75,27.78,269330,666,27.778361
2019-03-13 04:00:00+00:00,27.9,28.02,27.84,28.02,179461,441,27.951727
2019-03-14 04:00:00+00:00,27.99,28.0599,27.92,28.0,260714,650,27.993155
2019-03-15 04:00:00+00:00,28.16,28.2799,28.14,28.225,226962,615,28.224806
2019-03-18 04:00:00+00:00,28.32,28.38,28.2599,28.38,127490,437,28.292965
2019-03-19 04:00:00+00:00,28.51,28.5299,28.32,28.38,127797,441,28.437202
2019-03-20 04:00:00+00:00,28.33,28.5346,28.2029,28.43,119883,576,28.373596
2019-03-21 04:00:00+00:00,28.25,28.42,28.25,28.42,144701,630,28.351615
2019-03-22 04:00:00+00:00,28.14,28.16,27.85,27.92,137172,482,28.001551
2019-03-25 04:00:00+00:00,27.79,27.82,27.68,27.81,183873,675,27.757689
2019-03-26 04:00:00+00:00,28.01,28.0785,27.9316,27.98,113827,409,27.983849
2019-03-27 04:00:00+00:00,28.03,28.03,27.78,27.98,349115,742,27.953771
2019-03-28 04:00:00+00:00,27.96,27.9869,27.81,27.93,225418,755,27.890077
2019-03-29 04:00:00+00:00,28.05,28.0736,27.9201,28.05,81028,384,28.012664
2019-04-01 04:00:00+00:00,28.27,28.37,28.24,28.36,143172,327,28.327467
2019-04-02 04:00:00+00:00,28.26,28.3466,28.2,28.31,90456,407,28.28287
2019-04-03 04:00:00+00:00,28.47,28.6,28.45,28.52,111465,334,28.522982
2019-04-04 04:00:00+00:00,28.43,28.48,28.4049,28.44,63160,364,28.437443
2019-04-05 04:00:00+00:00,28.43,28.5254,28.43,28.5,64808,286,28.468236
2019-04-08 04:00:00+00:00,28.51,28.544,28.4664,28.5439,183663,319,28.511941
2019-04-09 04:00:00+00:00,28.46,28.46,28.32,28.36,157785,292,28.372567
2019-04-10 04:00:00+00:00,28.42,28.51,28.35,28.48,298160,566,28.464738
2019-04-11 04:00:00+00:00,28.49,28.53,28.4,28.47,260354,488,28.475412
2019-04-12 04:00:00+00:00,28.66,28.68,28.5901,28.68,284902,529,28.62978
2019-04-15 04:00:00+00:00,28.68,28.68,28.6,28.63,257707,541,28.642978
2019-04-16 04:00:00+00:00,28.78,28.78,28.6801,28.73,171587,446,28.747475
2019-04-17 04:00:00+00:00,28.8,28.8,28.7,28.73,261497,665,28.735053
2019-04-18 04:00:00+00:00,28.72,28.74,28.632,28.71,95279,263,28.705788
2019-04-22 04:00:00+00:00,28.64,28.75,28.64,28.7156,289607,737,28.723186
2019-04-23 04:00:00+00:00,28.66,28.77,28.64,28.77,145102,517,28.721536
2019-04-24 04:00:00+00:00,28.63,28.6456,28.5,28.53,146242,349,28.579957
2019-04-25 04:00:00+00:00,28.48,28.57,28.46,28.52,108548,376,28.525762
2019-04-26 04:00:00+00:00,28.54,28.66,28.53,28.64,70088,280,28.617546
2019-04-29 04:00:00+00:00,28.64,28.789,28.61,28.76,65424,285,28.717971
2019-04-30 04:00:00+00:00,28.72,28.86,28.6777,28.85,433853,927,28.832843
2019-05-01 04:00:00+00:00,28.84,28.93,28.63,28.645,128958,359,28.821423
2019-05-02 04:00:00+00:00,28.64,28.67,28.5333,28.57,171705,456,28.604549
2019-05-03 04:00:00+00:00,28.7301,28.87,28.7206,28.86,99086,294,28.819584
2019-05-06 04:00:00+00:00,28.31,28.6294,28.31,28.6,167563,588,28.515187
2019-05-07 04:00:00+00:00,28.35,28.39,28.0601,28.14,120035,444,28.186092
2019-05-08 04:00:00+00:00,28.145,28.31,28.145,28.19,70541,349,28.24649
2019-05-09 04:00:00+00:00,27.94,28.1,27.84,28.06,529138,1115,27.966921
2019-05-10 04:00:00+00:00,28.08,28.215,27.8994,28.2,407551,417,28.055969
2019-05-13 04:00:00+00:00,27.71,27.76,27.53,27.61,204574,871,27.623657
2019-05-14 04:00:00+00:00,27.76,27.9599,27.76,27.9,136176,340,27.893402
2019-05-15 04:00:00+00:00,27.68,28.04,27.68,27.97,1000389,409,27.949823
2019-05-16 04:00:00+00:00,28.1,28.31,28.1,28.2,113384,318,28.239357
2019-05-17 04:00:00+00:00,28.1299,28.22,28.06,28.08,106877,364,28.152936
2019-05-20 04:00:00+00:00,27.93,28.02,27.88,27.91,69698,285,27.956841
2019-05-21 04:00:00+00:00,28.05,28.17,28.04,28.11,134691,731,28.107074
2019-05-22 04:00:00+00:00,28.01,28.1,27.9979,28.06,716767,300,28.05722
2019-05-23 04:00:00+00:00,27.71,27.8099,27.65,27.76,327498,475,27.773156
2019-05-24 04:00:00+00:00,28.03,28.08,27.97,28.07,128310,336,28.039376
2019-05-28 04:00:00+00:00,28.09,28.0944,27.81,27.85,90818,341,27.961637
2019-05-29 04:00:00+00:00,27.61,27.66,27.4601,27.59,1398024,447,27.557042
2019-05-30 04:00:00+00:00,27.6,27.6859,27.5608,27.67,294889,798,27.647189
2019-05-31 04:00:00+00:00,27.43,27.51,27.31,27.5,207175,378,27.471881
2019-06-03 04:00:00+00:00,27.54,27.6747,27.51,27.65,93012,333,27.589597
2019-06-04 04:00:00+00:00,27.78,27.9431,27.755,27.93,121414,404,27.866268
2019-06-05 04:00:00+00:00,28.06,28.06,27.91,27.96,154056,537,27.964787
2019-06-06 04:00:00+00:00,28.05,28.1,28.0,28.05,340517,1057,28.028547
2019-06-07 04:00:00+00:00,28.29,28.46,28.29,28.42,199948,225,28.406818
2019-06-10 04:00:00+00:00,28.45,28.5467,28.4,28.45,134545,388,28.482522
2019-06-11 04:00:00+00:00,28.68,28.7005,28.53,28.57,125539,288,28.594627
2019-06-12 04:00:00+00:00,28.48,28.53,28.37,28.39,116329,349,28.43418
2019-06-13 04:00:00+00:00,28.47,28.47,28.36,28.43,190850,551,28.414161
2019-06-14 04:00:00+00:00,28.28,28.3188,28.19,28.26,109159,334,28.233126
2019-06-17 04:00:00+00:00,28.23,28.33,28.21,28.24,242941,613,28.26161
2019-06-18 04:00:00+00:00,28.44,28.63,28.43,28.61,188529,522,28.587735
2019-06-19 04:00:00+00:00,28.64,28.83,28.6,28.76,179861,591,28.674089
2019-06-20 04:00:00+00:00,29.1,29.1,28.93,29.04,62551,302,29.007975
2019-06-21 04:00:00+00:00,28.85,28.9297,28.82,28.84,89981,330,28.871205
2019-06-24 04:00:00+00:00,28.51,28.62,28.47,28.54,648870,672,28.528543
2019-06-25 04:00:00+00:00,28.55,28.5699,28.37,28.37,111873,446,28.446363
2019-06-26 04:00:00+00:00,28.46,28.46,28.3669,28.37,157117,637,28.41577
2019-06-27 04:00:00+00:00,28.43,28.52,28.41,28.45,261135,561,28.472981
2019-06-28 04:00:00+00:00,28.64,28.715,28.59,28.68,966397,2103,28.643138
2019-07-01 04:00:00+00:00,28.9,28.915,28.695,28.75,280943,1227,28.796185
2019-07-02 04:00:00+00:00,28.81,28.8892,28.76,28.82,130255,516,28.83549
2019-07-03 04:00:00+00:00,29.01,29.1299,29.003,29.11,85122,299,29.07779
2019-07-05 04:00:00+00:00,28.82,28.88,28.67,28.81,120002,523,28.769647
2019-07-08 04:00:00+00:00,28.72,28.7599,28.63,28.66,297841,787,28.697407
2019-07-09 04:00:00+00:00,28.5,28.62,28.5,28.62,166021,444,28.55709
2019-07-10 04:00:00+00:00,28.75,28.7782,28.6213,28.67,258583,398,28.684542
2019-07-11 04:00:00+00:00,28.74,28.78,28.62,28.7,469718,590,28.676732
2019-07-12 04:00:00+00:00,28.69,28.75,28.65,28.75,159193,404,28.702318
2019-07-15 04:00:00+00:00,28.8,28.82,28.7,28.78,200750,581,28.748452
2019-07-16 04:00:00+00:00,28.74,28.7667,28.63,28.68,182034,587,28.69336
2019-07-17 04:00:00+00:00,28.73,28.759,28.61,28.62,139084,438,28.680244
2019-07-18 04:00:00+00:00,28.53,28.72,28.48,28.72,122843,380,28.57376
2019-07-19 04:00:00+00:00,28.71,28.73,28.57,28.63,126029,461,28.654714
2019-07-22 04:00:00+00:00,28.6599,28.672,28.56,28.65,100028,433,28.625884
2019-07-23 04:00:00+00:00,28.74,28.7962,28.66,28.7356,54920,285,28.743335
2019-07-24 04:00:00+00:00,28.74,28.8,28.63,28.8,212805,355,28.733434
2019-07-25 04:00:00+00:00,28.72,28.72,28.5,28.5,105055,468,28.569522
2019-07-26 04:00:00+00:00,28.63,28.67,28.55,28.615,197694,373,28.616767
2019-07-29 04:00:00+00:00,28.67,28.6884,28.59,28.62,79013,478,28.63941
2019-07-30 04:00:00+00:00,28.4,28.4,28.25,28.32,161795,443,28.306226
2019-07-31 04:00:00+00:00,28.37,28.3999,28.025,28.15,96875,320,28.290327
2019-08-01 04:00:00+00:00,28.21,28.4023,27.96,28.04,153225,451,28.142968
2019-08-02 04:00:00+00:00,27.98,27.98,27.7248,27.82,232771,607,27.841512
2019-08-05 04:00:00+00:00,27.43,27.4654,27.0367,27.15,227953,728,27.233675
2019-08-06 04:00:00+00:00,27.32,27.41,27.17,27.38,415312,1163,27.303252
2019-08-07 04:00:00+00:00,27.3014,27.57,27.1677,27.54,227473,703,27.417816
2019-08-08 04:00:00+00:00,27.67,27.89,27.5977,27.85,316612,403,27.83603
2019-08-09 04:00:00+00:00,27.77,27.79,27.59,27.7,149462,637,27.697187
2019-08-12 04:00:00+00:00,27.54,27.61,27.39,27.43,141653,435,27.507075
2019-08-13 04:00:00+00:00,27.4,27.79,27.4,27.68,189453,633,27.687193
2019-08-14 04:00:00+00:00,27.21,27.2719,26.97,26.98,228992,761,27.05668
2019-08-15 04:00:00+00:00,27.03,27.065,26.84,27.01,449822,714,26.96942
2019-08-16 04:00:00+00:00,27.14,27.37,27.1385,27.28,188034,510,27.303081
2019-08-19 04:00:00+00:00,27.58,27.58,27.44,27.5,244653,706,27.512358
2019-08-20 04:00:00+00:00,27.48,27.5273,27.3601,27.39,272753,959,27.444078
2019-08-21 04:00:00+00:00,27.7,27.76,27.61,27.67,268572,578,27.689695
2019-08-22 04:00:00+00:00,27.69,27.6991,27.466,27.64,152042,428,27.603668
2019-08-23 04:00:00+00:00,27.5,27.6955,27.26,27.26,150607,489,27.412699
2019-08-26 04:00:00+00:00,27.48,27.503,27.32,27.43,229463,814,27.423706
2019-08-27 04:00:00+00:00,27.61,27.63,27.48,27.51,126918,387,27.55187
2019-08-28 04:00:00+00:00,27.41,27.63,27.3381,27.47,398389,1137,27.508207
2019-08-29 04:00:00+00:00,27.65,27.71,27.58,27.63,1102842,369,27.677534
2019-08-30 04:00:00+00:00,27.79,27.863,27.624,27.73,97541,410,27.716603
2019-09-03 04:00:00+00:00,27.54,27.65,27.521,27.63,132214,638,27.609309
2019-09-04 04:00:00+00:00,27.93,28.04,27.8801,28.03,286468,627,27.957883
2019-09-05 04:00:00+00:00,28.2,28.31,28.1694,28.23,105160,588,28.230342
2019-09-06 04:00:00+00:00,28.25,28.36,28.25,28.26,198087,715,28.319835
2019-09-09 04:00:00+00:00,28.32,28.3749,28.25,28.33,275341,748,28.309012
2019-09-10 04:00:00+00:00,28.22,28.36,28.155,28.31,295264,879,28.281961
2019-09-11 04:00:00+00:00,28.38,28.4833,28.38,28.46,354130,893,28.427129
2019-09-12 04:00:00+00:00,28.44,28.6491,28.41,28.57,400131,736,28.559643
2019-09-13 04:00:00+00:00,28.7,28.757,28.64,28.71,155411,556,28.682812
2019-09-16 04:00:00+00:00,28.53,28.5499,28.42,28.47,174958,562,28.47934
2019-09-17 04:00:00+00:00,28.45,28.62,28.3679,28.58,109692,347,28.54177
2019-09-18 04:00:00+00:00,28.4996,28.5545,28.3265,28.55,118932,426,28.484634
2019-09-19 04:00:00+00:00,28.64,28.7259,28.5708,28.65,169330,298,28.682849
2019-09-20 04:00:00+00:00,28.64,28.6877,28.5214,28.56,115365,600,28.617665
2019-09-23 04:00:00+00:00,28.46,28.49,28.3855,28.48,555194,783,28.420545
2019-09-24 04:00:00+00:00,28.44,28.484,28.25,28.29,105461,481,28.356116
2019-09-25 04:00:00+00:00,28.16,28.2499,28.03,28.19,404389,538,28.123657
2019-09-26 04:00:00+00:00,28.36,28.41,28.26,28.29,212790,523,28.33954
2019-09-27 04:00:00+00:00,28.3,28.38,28.2,28.23,241665,460,28.271703
2019-09-30 04:00:00+00:00,28.26,28.35,28.26,28.29,139510,520,28.312765
2019-10-01 04:00:00+00:00,28.25,28.29,28.0108,28.07,221237,663,28.07311
2019-10-02 04:00:00+00:00,27.7,27.7,27.39,27.52,169646,471,27.494245
2019-10-03 04:00:00+00:00,27.54,27.71,27.36,27.69,293705,884,27.565849
2019-10-04 04:00:00+00:00,27.67,27.9,27.67,27.86,156982,592,27.788886
2019-10-07 04:00:00+00:00,27.9,27.99,27.85,27.88,94667,436,27.904426
2019-10-08 04:00:00+00:00,27.71,27.8,27.56,27.56,203043,872,27.647339
2019-10-09 04:00:00+00:00,27.75,27.84,27.6791,27.79,232641,600,27.733038
2019-10-10 04:00:00+00:00,27.77,27.9769,27.75,27.93,104537,460,27.888182
2019-10-11 04:00:00+00:00,28.35,28.5322,28.32,28.43,179638,547,28.446236
2019-10-14 04:00:00+00:00,28.3117,28.3909,28.28,28.35,54898,302,28.338642
2019-10-15 04:00:00+00:00,28.41,28.74,28.405,28.65,72177,318,28.653217
2019-10-16 04:00:00+00:00,28.6,28.79,28.6,28.69,116482,508,28.701349
2019-10-17 04:00:00+00:00,28.81,28.8644,28.6617,28.76,145205,727,28.779928
2019-10-18 04:00:00+00:00,28.7,28.775,28.5937,28.69,499439,1392,28.663315
2019-10-21 04:00:00+00:00,28.82,28.923,28.79,28.86,218370,842,28.848257
2019-10-22 04:00:00+00:00,28.85,28.9673,28.76,28.76,245216,1049,28.880723
2019-10-23 04:00:00+00:00,28.82,28.94,28.79,28.92,253882,626,28.878494
2019-10-24 04:00:00+00:00,28.99,29.02,28.8807,28.94,75528,382,28.937962
2019-10-25 04:00:00+00:00,28.86,29.02,28.8511,28.94,312097,693,28.946136
2019-10-28 04:00:00+00:00,29.04,29.16,29.04,29.11,173041,649,29.113617
2019-10-29 04:00:00+00:00,28.99,29.16,28.9835,29.08,207413,735,29.087679
2019-10-30 04:00:00+00:00,29.11,29.3,29.0305,29.27,147331,641,29.158763
2019-10-31 04:00:00+00:00,29.17,29.2412,29.07,29.16,214992,783,29.12017
2019-11-01 04:00:00+00:00,29.3445,29.43,29.3135,29.42,196957,765,29.364393
2019-11-04 05:00:00+00:00,29.54,29.6108,29.49,29.56,109786,640,29.546575
2019-11-05 05:00:00+00:00,29.51,29.52,29.4063,29.52,449609,1366,29.441983
2019-11-06 05:00:00+00:00,29.47,29.5196,29.4,29.44,190724,908,29.450239
2019-11-07 05:00:00+00:00,29.63,29.67,29.5529,29.59,141953,668,29.632808
2019-11-08 05:00:00+00:00,29.45,29.55,29.39,29.55,95066,539,29.483271
2019-11-11 05:00:00+00:00,29.42,29.5794,29.42,29.52,62165,365,29.525406
2019-11-12 05:00:00+00:00,29.52,29.64,29.4901,29.54,62868,293,29.55843
2019-11-13 05:00:00+00:00,29.36,29.54,29.3585,29.44,161784,378,29.452375
2019-11-14 05:00:00+00:00,29.37,29.45,29.29,29.45,133589,597,29.382897
2019-11-15 05:00:00+00:00,29.4409,29.61,29.4409,29.6,166371,507,29.567756
2019-11-18 05:00:00+00:00,29.54,29.7061,29.5165,29.64,228239,645,29.643843
2019-11-19 05:00:00+00:00,29.73,29.7468,29.5594,29.58,181849,924,29.617962
2019-11-20 05:00:00+00:00,29.48,29.5499,29.34,29.46,148553,616,29.45431
2019-11-21 05:00:00+00:00,29.43,29.5,29.334,29.39,501943,871,29.41237
2019-11-22 05:00:00+00:00,29.52,29.5975,29.42,29.46,131565,762,29.480571
2019-11-25 05:00:00+00:00,29.59,29.695,29.59,29.66,387736,789,29.664874
2019-11-26 05:00:00+00:00,29.63,29.74,29.63,29.71,158287,830,29.686674
2019-11-27 05:00:00+00:00,29.75,29.83,29.6901,29.795,97494,578,29.784923
2019-11-29 05:00:00+00:00,29.6,29.67,29.6,29.6,30958,201,29.635913
2019-12-02 05:00:00+00:00,29.55,29.55,29.34,29.43,172361,921,29.428778
2019-12-03 05:00:00+00:00,29.17,29.36,29.1189,29.32,114568,591,29.264262
2019-12-04 05:00:00+00:00,29.49,29.6,29.49,29.58,194562,677,29.537988
2019-12-05 05:00:00+00:00,29.58,29.63,29.52,29.58,1879182,2628,29.571308
2019-12-06 05:00:00+00:00,29.76,29.83,29.73,29.8,946078,2691,29.79504
2019-12-09 05:00:00+00:00,29.71,29.8055,29.64,29.65,263898,795,29.685794
2019-12-10 05:00:00+00:00,29.65,29.7296,29.56,29.65,247967,1293,29.663209
2019-12-11 05:00:00+00:00,29.64,29.795,29.64,29.79,196878,940,29.714982
2019-12-12 05:00:00+00:00,29.74,29.97,29.64,29.89,124328,679,29.856704
2019-12-13 05:00:00+00:00,30.04,30.23,29.988,30.1,123588,520,30.071393
2019-12-16 05:00:00+00:00,30.36,30.488,30.33,30.4,147137,761,30.406451
2019-12-17 05:00:00+00:00,30.28,30.34,30.19,30.29,135791,445,30.309108
2019-12-18 05:00:00+00:00,30.21,30.29,30.15,30.24,155462,751,30.200819
2019-12-19 05:00:00+00:00,30.16,30.2407,30.1401,30.22,124337,563,30.212586
2019-12-20 05:00:00+00:00,30.28,30.33,30.23,30.31,267274,1038,30.284478
2019-12-23 05:00:00+00:00,30.28,30.35,30.26,30.31,180696,893,30.312432
2019-12-24 05:00:00+00:00,30.12,30.139,30.02,30.0879,155640,673,30.087858
2019-12-26 05:00:00+00:00,30.1,30.27,30.1,30.18,143376,857,30.204187
2019-12-27 05:00:00+00:00,30.3,30.3715,30.25,30.29,178219,766,30.318698
2019-12-30 05:00:00+00:00,30.32,30.32,30.0513,30.12,195744,786,30.150747
2019-12-31 05:00:00+00:00,30.08,30.25,30.01,30.25,272683,987,30.119411
2020-01-02 05:00:00+00:00,30.35,30.48,30.32,30.48,629902,998,30.370745
2020-01-03 05:00:00+00:00,30.07,30.2623,30.07,30.14,252397,611,30.158874
2020-01-06 05:00:00+00:00,30.04,30.24,30.04,30.19,221972,885,30.173924
2020-01-07 05:00:00+00:00,30.23,30.25,30.16,30.18,252979,799,30.199455
2020-01-08 05:00:00+00:00,30.12,30.32,30.12,30.25,196042,643,30.264154
2020-01-09 05:00:00+00:00,30.26,30.335,30.235,30.31,195911,622,30.285759
2020-01-10 05:00:00+00:00,30.29,30.3579,30.19,30.19,283521,636,30.260978
2020-01-13 05:00:00+00:00,30.22,30.38,30.1913,30.34,150126,450,30.319578
2020-01-14 05:00:00+00:00,30.29,30.44,30.29,30.41,141100,679,30.378109
2020-01-15 05:00:00+00:00,30.41,30.4823,30.39,30.45,249593,803,30.436864
2020-01-16 05:00:00+00:00,30.49,30.59,30.448,30.59,291093,762,30.529548
2020-01-17 05:00:00+00:00,30.64,30.67,30.57,30.67,363092,784,30.619496
2020-01-21 05:00:00+00:00,30.49,30.5431,30.41,30.41,559322,920,30.487427
2020-01-22 05:00:00+00:00,30.57,30.58,30.45,30.49,381756,862,30.501714
2020-01-23 05:00:00+00:00,30.33,30.46,30.235,30.42,167605,546,30.339087
2020-01-24 05:00:00+00:00,30.55,30.55,30.2555,30.35,198777,644,30.394824
2020-01-27 05:00:00+00:00,29.76,29.83,29.7,29.76,265515,788,29.770784
2020-01-28 05:00:00+00:00,29.8,30.01,29.7988,30.0,182015,451,29.966927
2020-01-29 05:00:00+00:00,30.05,30.07,29.9277,30.0,246888,765,30.031687
2020-01-30 05:00:00+00:00,29.77,29.99,29.6937,29.99,170772,696,29.818258
2020-01-31 05:00:00+00:00,29.71,29.72,29.4,29.49,799451,2398,29.511884
2020-02-03 05:00:00+00:00,29.55,29.71,29.51,29.55,265576,659,29.572199
2020-02-04 05:00:00+00:00,29.92,30.02,29.88,29.97,657513,988,29.955036
2020-02-05 05:00:00+00:00,30.23,30.29,30.17,30.21,199664,730,30.236187
2020-02-06 05:00:00+00:00,30.29,30.32,30.2401,30.32,174241,749,30.288051
2020-02-07 05:00:00+00:00,30.11,30.14,30.035,30.07,222157,629,30.096033
2020-02-10 05:00:00+00:00,30.01,30.15,30.01,30.15,204456,613,30.077944
2020-02-11 05:00:00+00:00,30.28,30.34,30.23,30.3,175787,734,30.298315
2020-02-12 05:00:00+00:00,30.37,30.4,30.324,30.39,95189,460,30.37255
2020-02-13 05:00:00+00:00,30.14,30.29,30.13,30.22,182783,484,30.225813
2020-02-14 05:00:00+00:00,30.23,30.2483,30.14,30.21,214651,609,30.197209
2020-02-18 05:00:00+00:00,29.98,30.12,29.98,30.03,142624,534,30.039108
2020-02-19 05:00:00+00:00,30.14,30.21,30.14,30.19,448935,1575,30.189564
2020-02-20 05:00:00+00:00,29.98,30.0799,29.815,29.96,163024,638,29.929591
2020-02-21 05:00:00+00:00,29.85,29.8848,29.76,29.81,273296,884,29.808949
2020-02-24 05:00:00+00:00,28.68,28.8795,28.61,28.68,355305,1287,28.779305
2020-02-25 05:00:00+00:00,28.75,28.785,28.16,28.18,725163,1202,28.371937
2020-02-26 05:00:00+00:00,28.36,28.5664,28.15,28.16,319997,1112,28.299286
2020-02-27 05:00:00+00:00,27.72,27.99,27.29,27.29,846039,1934,27.655071
2020-02-28 05:00:00+00:00,26.65,26.97,26.42,26.94,864321,2695,26.694766
2020-03-02 05:00:00+00:00,27.02,27.56,26.85,27.5,766305,1876,27.214427
2020-03-03 05:00:00+00:00,27.75,28.09,27.178,27.31,728559,1462,27.600585
2020-03-04 05:00:00+00:00,27.77,28.105,27.5781,28.07,490543,2079,27.848894
2020-03-05 05:00:00+00:00,27.43,27.6589,27.23,27.33,310576,1280,27.399843
2020-03-06 05:00:00+00:00,26.93,27.08,26.74,27.02,388472,1418,26.920983
2020-03-09 04:00:00+00:00,25.12,25.6899,24.3,24.96,1251311,3786,25.136524
2020-03-10 04:00:00+00:00,25.79,26.22,24.94,25.68,829646,1639,25.265663
2020-03-11 04:00:00+00:00,25.05,25.05,24.21,24.34,871669,2234,24.597692
2020-03-12 04:00:00+00:00,22.64,22.64,21.4726,21.74,1155296,4365,21.952306
2020-03-13 04:00:00+00:00,23.0,23.3,21.69,23.12,2016098,5427,22.575533
2020-03-16 04:00:00+00:00,20.32,21.26,19.71,20.72,1566906,4749,20.953155
2020-03-17 04:00:00+00:00,20.91,21.62,20.59,21.39,1186576,3240,21.285863
2020-03-18 04:00:00+00:00,20.23,20.78,19.3,20.23,1100797,2504,20.113206
2020-03-19 04:00:00+00:00,20.17,20.99,20.02,20.57,1068277,3367,20.614024
2020-03-20 04:00:00+00:00,21.08,21.43,20.31,20.4,1269811,3203,20.883323
2020-03-23 04:00:00+00:00,20.37,20.55,19.96,20.05,1266329,3904,20.235057
2020-03-24 04:00:00+00:00,21.48,21.8757,21.23,21.77,2728483,2678,21.491042
2020-03-25 04:00:00+00:00,21.82,22.8303,21.64,22.44,932294,2583,22.476639
2020-03-26 04:00:00+00:00,22.55,23.48,22.55,23.48,1150503,3049,23.21584
2020-03-27 04:00:00+00:00,22.65,23.13,22.4413,22.77,1103044,2173,22.773792
2020-03-30 04:00:00+00:00,22.83,23.25,22.65,23.25,423213,1419,22.99192
2020-03-31 04:00:00+00:00,22.99,23.29,22.8,23.06,1441918,2037,22.990373
2020-04-01 04:00:00+00:00,22.39,22.57,22.01,22.11,639569,2405,22.257937
2020-04-02 04:00:00+00:00,22.05,22.58,22.05,22.5,607377,1246,22.349194
2020-04-03 04:00:00+00:00,22.14,22.25,21.85,22.03,571052,1327,21.99994
2020-04-06 04:00:00+00:00,22.79,23.26,22.73,23.22,447523,1149,23.022867
2020-04-07 04:00:00+00:00,23.9,23.93,23.26,23.36,529967,1373,23.549529
2020-04-08 04:00:00+00:00,23.41,23.65,23.2669,23.59,2394608,1029,23.450616
2020-04-09 04:00:00+00:00,23.88,24.18,23.77,24.05,541871,1535,24.01541
2020-04-13 04:00:00+00:00,23.92,23.98,23.6,23.87,951077,2278,23.771396
2020-04-14 04:00:00+00:00,24.18,24.4299,24.14,24.32,617268,2033,24.27052
2020-04-15 04:00:00+00:00,23.64,23.76,23.4501,23.57,818620,2685,23.634661
2020-04-16 04:00:00+00:00,23.61,23.64,23.3371,23.58,802485,2093,23.475893
2020-04-17 04:00:00+00:00,24.08,24.25,23.8904,24.24,661871,1708,24.03405
2020-04-20 04:00:00+00:00,23.87,24.25,23.83,23.83,607185,1522,24.051786
2020-04-21 04:00:00+00:00,23.5,23.745,23.32,23.44,992429,2534,23.450377
2020-04-22 04:00:00+00:00,23.86,23.88,23.7251,23.85,386686,1266,23.805121
2020-04-23 04:00:00+00:00,23.87,24.16,23.7,23.79,1155707,1802,24.06315
2020-04-24 04:00:00+00:00,23.94,24.09,23.7818,24.06,417973,807,23.92187
2020-04-27 04:00:00+00:00,24.24,24.39,24.16,24.36,316214,1098,24.30044
2020-04-28 04:00:00+00:00,24.81,24.89,24.46,24.46,378888,1200,24.620425
2020-04-29 04:00:00+00:00,24.96,25.18,24.94,25.11,308317,1128,25.086887
2020-04-30 04:00:00+00:00,24.75,24.76,24.43,24.58,384406,1368,24.612693
2020-05-01 04:00:00+00:00,24.18,24.26,23.95,24.06,803966,1778,24.107892
2020-05-04 04:00:00+00:00,23.85,24.03,23.75,24.02,523437,1510,23.918595
2020-05-05 04:00:00+00:00,24.2,24.29,24.04,24.1,641169,1383,24.216528
2020-05-06 04:00:00+00:00,24.29,24.29,23.9,23.94,1118949,3284,24.047419
2020-05-07 04:00:00+00:00,24.28,24.42,24.21,24.33,741540,945,24.321254
2020-05-08 04:00:00+00:00,24.6,24.72,24.56,24.72,204737,893,24.661442
2020-05-11 04:00:00+00:00,24.56,24.7701,24.55,24.74,243347,740,24.659014
2020-05-12 04:00:00+00:00,24.84,24.85,24.43,24.44,208908,571,24.682664
2020-05-13 04:00:00+00:00,24.58,24.58,24.09,24.2,406905,902,24.308491
2020-05-14 04:00:00+00:00,23.64,24.03,23.51,23.99,282444,917,23.856593
2020-05-15 04:00:00+00:00,23.94,24.08,23.8629,24.0,300735,800,23.980013
2020-05-18 04:00:00+00:00,24.6,24.98,24.6,24.94,231392,892,24.877889
2020-05-19 04:00:00+00:00,24.78,24.869,24.62,24.63,607627,1469,24.787346
2020-05-20 04:00:00+00:00,25.06,25.19,25.0001,25.14,168765,713,25.069679
2020-05-21 04:00:00+00:00,25.01,25.1,24.78,24.87,331628,1024,24.87794
2020-05-22 04:00:00+00:00,24.76,24.81,24.66,24.81,486762,1327,24.750605
2020-05-26 04:00:00+00:00,25.53,25.64,25.49,25.55,159314,697,25.584814
2020-05-27 04:00:00+00:00,25.74,25.77,25.47,25.77,482682,1391,25.638379
2020-05-28 04:00:00+00:00,26.05,26.23,25.95,25.98,470665,952,26.117862
2020-05-29 04:00:00+00:00,25.96,26.0,25.66,25.96,325520,1051,25.861292
2020-06-01 04:00:00+00:00,26.11,26.48,26.11,26.48,395959,1542,26.376943
2020-06-02 04:00:00+00:00,26.62,26.73,26.58,26.73,149872,674,26.661563
2020-06-03 04:00:00+00:00,27.0,27.33,26.985,27.25,197868,977,27.207713
2020-06-04 04:00:00+00:00,27.11,27.31,27.1,27.18,229449,746,27.202188
2020-06-05 04:00:00+00:00,27.62,27.7416,27.505,27.58,175053,738,27.606782
2020-06-08 04:00:00+00:00,27.64,27.85,27.5355,27.85,651317,1413,27.734202
2020-06-09 04:00:00+00:00,27.39,27.6236,27.37,27.54,184839,791,27.521227
2020-06-10 04:00:00+00:00,27.63,27.7758,27.42,27.54,357450,1082,27.558619
2020-06-11 04:00:00+00:00,26.82,26.88,26.06,26.07,351026,1745,26.399415
2020-06-12 04:00:00+00:00,26.76,26.83,26.18,26.57,250467,1072,26.451571
2020-06-15 04:00:00+00:00,26.09,26.74,26.07,26.69,198292,703,26.524655
2020-06-16 04:00:00+00:00,27.18,27.23,26.7,26.99,906834,1223,27.097792
2020-06-17 04:00:00+00:00,27.19,27.2399,26.99,27.1,421199,646,27.194402
2020-06-18 04:00:00+00:00,26.88,27.05,26.86,27.01,221230,862,26.966177
2020-06-19 04:00:00+00:00,27.27,27.27,26.78,26.86,180713,652,27.037928
2020-06-22 04:00:00+00:00,27.05,27.21,26.9401,27.19,374354,702,27.149247
2020-06-23 04:00:00+00:00,27.42,27.47,27.25,27.27,199797,885,27.368575
2020-06-24 04:00:00+00:00,26.76,26.7963,26.29,26.42,323708,1017,26.476477
2020-06-25 04:00:00+00:00,26.44,26.8,26.34,26.74,384020,593,26.592807
2020-06-26 04:00:00+00:00,26.73,26.73,26.34,26.37,199789,878,26.462381
2020-06-29 04:00:00+00:00,26.51,26.64,26.36,26.58,166165,666,26.543342
2020-06-30 04:00:00+00:00,26.44,26.681,26.4,26.59,151447,721,26.564405
2020-07-01 04:00:00+00:00,26.57,26.77,26.54,26.7,3060806,910,26.708738
2020-07-02 04:00:00+00:00,27.02,27.15,26.93,26.98,499821,1539,27.01818
2020-07-06 04:00:00+00:00,27.35,27.41,27.2,27.37,285077,986,27.316012
2020-07-07 04:00:00+00:00,27.18,27.235,27.01,27.04,239294,786,27.12381
2020-07-08 04:00:00+00:00,27.01,27.26,26.95,27.26,175060,754,27.136614
2020-07-09 04:00:00+00:00,27.2,27.21,26.7701,26.95,248835,893,26.961247
2020-07-10 04:00:00+00:00,27.05,27.25,26.97,27.25,258760,1030,27.143951
2020-07-13 04:00:00+00:00,27.37,27.5,27.0,27.06,237172,1164,27.300213
2020-07-14 04:00:00+00:00,27.08,27.42,27.044,27.38,227755,780,27.296432
2020-07-15 04:00:00+00:00,27.78,27.9,27.64,27.74,262140,879,27.782757
2020-07-16 04:00:00+00:00,27.55,27.68,27.5281,27.56,300500,849,27.600848
2020-07-17 04:00:00+00:00,27.68,27.75,27.58,27.75,1076086,517,27.629543
2020-07-20 04:00:00+00:00,27.78,27.91,27.69,27.9032,134406,623,27.839857
2020-07-21 04:00:00+00:00,28.02,28.12,27.94,27.97,359578,1347,28.023888
2020-07-22 04:00:00+00:00,27.95,28.07,27.94,28.04,123601,588,28.010194
2020-07-23 04:00:00+00:00,27.97,28.1,27.77,27.86,442935,1147,27.965209
2020-07-24 04:00:00+00:00,27.7,27.77,27.62,27.69,217257,816,27.70727
2020-07-27 04:00:00+00:00,27.94,28.08,27.91,28.05,146902,640,28.013476
2020-07-28 04:00:00+00:00,27.9,28.01,27.84,27.89,790697,785,27.86694
2020-07-29 04:00:00+00:00,28.02,28.24,27.975,28.18,165779,554,28.118514
2020-07-30 04:00:00+00:00,27.54,27.87,27.35,27.86,221645,688,27.681521
2020-07-31 04:00:00+00:00,27.68,27.71,27.14,27.34,276605,984,27.340625
2020-08-03 04:00:00+00:00,27.59,27.81,27.51,27.8,177019,685,27.746141
2020-08-04 04:00:00+00:00,27.64,27.94,27.63,27.92,194895,922,27.841761
2020-08-05 04:00:00+00:00,28.13,28.269,28.05,28.11,355941,1204,28.157638
2020-08-06 04:00:00+00:00,27.99,28.14,27.93,28.12,994440,1494,27.997216
2020-08-07 04:00:00+00:00,27.87,28.0,27.8101,28.0,219594,804,27.89419
2020-08-10 04:00:00+00:00,27.96,28.09,27.92,28.09,863437,2992,28.034514
2020-08-11 04:00:00+00:00,28.48,28.52,28.15,28.18,173014,650,28.356809
2020-08-12 04:00:00+00:00,28.68,28.84,28.64,28.72,186071,652,28.76707
2020-08-13 04:00:00+00:00,28.7,28.8,28.55,28.63,188936,489,28.719671
2020-08-14 04:00:00+00:00,28.43,28.54,28.42,28.5,416590,1028,28.492792
2020-08-17 04:00:00+00:00,28.66,28.73,28.635,28.73,192287,868,28.691551
2020-08-18 04:00:00+00:00,28.84,28.9,28.65,28.73,179364,700,28.758407
2020-08-19 04:00:00+00:00,28.81,28.87,28.58,28.6,371111,941,28.696513
2020-08-20 04:00:00+00:00,28.32,28.58,28.32,28.56,173370,813,28.484191
2020-08-21 04:00:00+00:00,28.24,28.4,28.2,28.4,477462,800,28.283369
2020-08-24 04:00:00+00:00,28.78,28.78,28.61,28.71,283378,1127,28.678743
2020-08-25 04:00:00+00:00,28.83,28.83,28.57,28.71,215070,889,28.67796
2020-08-26 04:00:00+00:00,28.72,28.96,28.7176,28.88,158264,778,28.894102
2020-08-27 04:00:00+00:00,28.97,28.9722,28.56,28.69,213408,832,28.714289
2020-08-28 04:00:00+00:00,28.83,28.84,28.6671,28.84,179870,736,28.768837
2020-08-31 04:00:00+00:00,28.8,28.87,28.63,28.63,252040,942,28.763386
2020-09-01 04:00:00+00:00,28.64,28.69,28.5382,28.64,191639,580,28.606
2020-09-02 04:00:00+00:00,28.87,29.07,28.76,29.04,220613,753,28.91923
2020-09-03 04:00:00+00:00,28.93,28.96,28.25,28.37,273684,1061,28.467568
2020-09-04 04:00:00+00:00,28.4,28.51,27.85,28.35,240122,1072,28.23184
2020-09-08 04:00:00+00:00,27.97,28.2199,27.88,27.99,482601,2460,28.086313
2020-09-09 04:00:00+00:00,28.42,28.63,28.4,28.52,220717,881,28.53315
2020-09-10 04:00:00+00:00,28.63,28.7,28.2,28.2,402197,2043,28.39564
2020-09-11 04:00:00+00:00,28.51,28.62,28.35,28.48,260900,1595,28.492541
2020-09-14 04:00:00+00:00,28.72,28.74,28.61,28.64,173815,864,28.666773
2020-09-15 04:00:00+00:00,28.89,28.92,28.75,28.83,294679,1283,28.821335
2020-09-16 04:00:00+00:00,28.92,29.04,28.81,28.81,248093,1228,28.920372
2020-09-17 04:00:00+00:00,28.64,28.89,28.64,28.88,542414,1228,28.830956
2020-09-18 04:00:00+00:00,28.81,28.8498,28.61,28.7,263888,978,28.747191
2020-09-21 04:00:00+00:00,28.06,28.09,27.72,28.09,2890670,4457,27.899335
2020-09-22 04:00:00+00:00,28.05,28.1,27.83,28.09,328369,1062,27.96336
2020-09-23 04:00:00+00:00,28.22,28.2895,27.81,27.87,311903,998,28.042776
2020-09-24 04:00:00+00:00,27.67,27.91,27.5401,27.75,256479,1059,27.7291
2020-09-25 04:00:00+00:00,27.54,27.85,27.44,27.83,291772,1131,27.666932
2020-09-28 04:00:00+00:00,28.17,28.24,28.11,28.2,169331,762,28.19186
2020-09-29 04:00:00+00:00,28.26,28.31,28.1127,28.2,321913,740,28.214862
2020-09-30 04:00:00+00:00,28.12,28.28,28.05,28.15,1168697,2894,28.203464
2020-10-01 04:00:00+00:00,28.28,28.33,28.14,28.29,470451,1067,28.275923
2020-10-02 04:00:00+00:00,28.03,28.32,28.03,28.29,288282,876,28.243473
2020-10-05 04:00:00+00:00,28.5,28.7,28.5,28.69,172273,745,28.609093
2020-10-06 04:00:00+00:00,28.67,28.7,28.31,28.38,346937,895,28.556941
2020-10-07 04:00:00+00:00,28.57,28.64,28.5,28.57,207897,875,28.581277
2020-10-08 04:00:00+00:00,28.73,28.81,28.7,28.81,336124,747,28.77808
2020-10-09 04:00:00+00:00,28.97,29.052,28.92,29.04,141913,509,29.007282
2020-10-12 04:00:00+00:00,29.1,29.23,29.0663,29.19,122751,493,29.167512
2020-10-13 04:00:00+00:00,28.96,28.97,28.84,28.91,220979,698,28.8845
2020-10-14 04:00:00+00:00,29.01,29.065,28.85,28.85,160596,666,28.936179
2020-10-15 04:00:00+00:00,28.33,28.56,28.265,28.56,222630,728,28.460744
2020-10-16 04:00:00+00:00,28.61,28.77,28.61,28.66,315372,843,28.687299
2020-10-19 04:00:00+00:00,28.77,28.81,28.49,28.53,218009,771,28.644657
2020-10-20 04:00:00+00:00,28.74,28.8401,28.66,28.66,368870,928,28.757456
2020-10-21 04:00:00+00:00,28.62,28.7699,28.56,28.56,250817,798,28.646236
2020-10-22 04:00:00+00:00,28.52,28.605,28.38,28.58,424150,1226,28.552392
2020-10-23 04:00:00+00:00,28.7,28.7,28.5165,28.7,176776,647,28.629088
2020-10-26 04:00:00+00:00,28.35,28.36,28.01,28.21,450512,1238,28.154619
2020-10-27 04:00:00+00:00,28.17,28.18,27.97,28.0,227441,1052,28.047821
2020-10-28 04:00:00+00:00,27.42,27.46,27.16,27.17,305048,1060,27.320172
2020-10-29 04:00:00+00:00,27.18,27.32,27.02,27.23,981395,5059,27.230502
2020-10-30 04:00:00+00:00,27.15,27.169,26.91,27.09,580113,1080,27.008748
2020-11-02 05:00:00+00:00,27.36,27.44,27.21,27.37,348247,978,27.352825
2020-11-03 05:00:00+00:00,27.87,28.16,27.87,28.05,264130,850,28.043171
2020-11-04 05:00:00+00:00,28.22,28.62,28.09,28.39,332806,1288,28.430315
2020-11-05 05:00:00+00:00,29.02,29.12,28.89,29.08,185691,856,29.02773
2020-11-06 05:00:00+00:00,29.18,29.26,29.06,29.13,169158,561,29.167747
2020-11-09 05:00:00+00:00,30.36,30.36,29.77,29.78,727269,1491,29.97136
2020-11-10 05:00:00+00:00,29.88,29.9986,29.79,29.83,223379,777,29.891983
2020-11-11 05:00:00+00:00,30.06,30.13,29.9979,30.08,136499,482,30.068152
2020-11-12 05:00:00+00:00,29.93,29.99,29.67,29.74,302925,709,29.794594
2020-11-13 05:00:00+00:00,29.93,30.17,29.9,30.1,152352,619,30.043488
2020-11-16 05:00:00+00:00,30.39,30.4,30.25,30.4,200752,730,30.325083
2020-11-17 05:00:00+00:00,30.29,30.45,30.2343,30.37,288839,1078,30.387608
2020-11-18 05:00:00+00:00,30.43,30.51,30.2,30.2,271990,855,30.430434
2020-11-19 05:00:00+00:00,30.24,30.46,30.21,30.43,195462,596,30.32898
2020-11-20 05:00:00+00:00,30.42,30.555,30.41,30.5,193562,633,30.476858
2020-11-23 05:00:00+00:00,30.61,30.65,30.37,30.51,221012,828,30.498015
2020-11-24 05:00:00+00:00,30.68,30.87,30.65,30.83,391154,862,30.760772
2020-11-25 05:00:00+00:00,30.71,30.89,30.66,30.84,229709,692,30.818241
2020-11-27 05:00:00+00:00,30.96,31.07,30.95,31.04,115518,395,31.036921
2020-11-30 05:00:00+00:00,31.05,31.06,30.54,30.62,251951,1390,30.790195
2020-12-01 05:00:00+00:00,30.98,31.14,30.97,31.13,173898,734,31.07722
2020-12-02 05:00:00+00:00,30.93,31.09,30.91,31.05,1082322,3143,31.045707
2020-12-03 05:00:00+00:00,31.15,31.2501,31.08,31.15,392461,1033,31.175034
2020-12-04 05:00:00+00:00,31.29,31.359,31.26,31.33,227321,708,31.311997
2020-12-07 05:00:00+00:00,31.14,31.24,31.07,31.14,231054,1296,31.158301
2020-12-08 05:00:00+00:00,31.08,31.29,31.08,31.29,269121,896,31.241076
2020-12-09 05:00:00+00:00,31.42,31.42,31.1,31.27,327226,1548,31.252823
2020-12-10 05:00:00+00:00,31.14,31.4,31.12,31.33,201900,795,31.317935
2020-12-11 05:00:00+00:00,31.17,31.28,31.1,31.27,296229,976,31.219009
2020-12-14 05:00:00+00:00,31.49,31.54,31.29,31.39,370012,978,31.389976
2020-12-15 05:00:00+00:00,31.48,31.625,31.4,31.62,186477,923,31.51824
2020-12-16 05:00:00+00:00,31.66,31.8,31.58,31.73,208372,808,31.720424
2020-12-17 05:00:00+00:00,32.02,32.096,31.96,31.98,394625,1173,32.020395
2020-12-18 05:00:00+00:00,31.98,31.995,31.79,31.81,1006535,3119,31.876969
2020-12-21 05:00:00+00:00,31.14,31.58,31.06,31.51,336700,1054,31.424404
2020-12-22 05:00:00+00:00,31.44,31.47,31.335,31.43,265792,1181,31.431271
2020-12-23 05:00:00+00:00,31.72,31.76,31.65,31.73,294482,851,31.713363
2020-12-24 05:00:00+00:00,31.67,31.67,31.57,31.66,151533,418,31.623288
2020-12-28 05:00:00+00:00,31.93,31.97,31.81,31.84,307155,1160,31.871024
2020-12-29 05:00:00+00:00,32.23,32.2531,32.03,32.07,222329,1027,32.125196
2020-12-30 05:00:00+00:00,32.22,32.33,32.08,32.08,374377,1428,32.218505
2020-12-31 05:00:00+00:00,32.11,32.11,31.88,31.9,260467,1185,31.980766
2021-01-04 05:00:00+00:00,32.53,32.53,31.98,32.12,1191389,2009,32.128151
2021-01-05 05:00:00+00:00,32.17,32.48,32.17,32.43,468487,1775,32.349842
2021-01-06 05:00:00+00:00,32.39,32.79,32.39,32.61,301837,1225,32.64915
2021-01-07 05:00:00+00:00,32.6,32.71,32.58,32.67,254163,880,32.653173
2021-01-08 05:00:00+00:00,32.93,32.97,32.65,32.96,313227,1157,32.819147
2021-01-11 05:00:00+00:00,32.39,32.66,32.39,32.53,393194,942,32.556849
2021-01-12 05:00:00+00:00,32.51,32.74,32.43,32.71,492058,1177,32.596286
2021-01-13 05:00:00+00:00,32.69,32.78,32.64,32.72,296159,873,32.713852
2021-01-14 05:00:00+00:00,32.8,32.995,32.8,32.92,416531,1260,32.922026
2021-01-15 05:00:00+00:00,32.53,32.57,32.27,32.41,187403,746,32.472245
2021-01-19 05:00:00+00:00,32.65,32.66,32.4985,32.64,204813,1135,32.600048
2021-01-20 05:00:00+00:00,32.72,32.87,32.66,32.86,696913,3625,32.77859
2021-01-21 05:00:00+00:00,32.92,32.99,32.74,32.99,929379,1209,32.877077
2021-01-22 05:00:00+00:00,32.68,32.8313,32.67,32.79,299056,1146,32.772975
2021-01-25 05:00:00+00:00,32.6,32.8,32.411,32.8,367158,973,32.62665
2021-01-26 05:00:00+00:00,32.825,32.83,32.688,32.82,150477,617,32.783747
2021-01-27 05:00:00+00:00,32.21,32.3739,31.94,32.05,625576,1072,32.240031
2021-01-28 05:00:00+00:00,32.16,32.46,32.13,32.23,752217,2282,32.332414
2021-01-29 05:00:00+00:00,31.91,32.02,31.5002,31.69,260195,829,31.730449
2021-02-01 05:00:00+00:00,32.08,32.12,31.95,32.12,1453406,1584,32.059454
2021-02-02 05:00:00+00:00,32.25,32.44,32.165,32.44,594710,1131,32.354517
2021-02-03 05:00:00+00:00,32.46,32.46,32.2972,32.45,224115,893,32.408642
2021-02-04 05:00:00+00:00,32.27,32.455,32.25,32.42,293416,852,32.347401
2021-02-05 05:00:00+00:00,32.6,32.65,32.49,32.6,415544,1934,32.591585
2021-02-08 05:00:00+00:00,32.84,32.91,32.75,32.8,469553,967,32.816467
2021-02-09 05:00:00+00:00,32.88,33.0498,32.87,33.01,451029,1474,32.942576
2021-02-10 05:00:00+00:00,33.08,33.08,32.75,32.88,312108,841,32.935391
2021-02-11 05:00:00+00:00,33.1,33.15,32.9991,33.15,269717,646,33.104044
2021-02-12 05:00:00+00:00,33.06,33.31,33.06,33.27,242946,563,33.194217
2021-02-16 05:00:00+00:00,33.51,33.58,33.38,33.44,267339,934,33.459615
2021-02-17 05:00:00+00:00,33.22,33.26,33.0299,33.23,283596,1755,33.157284
2021-02-18 05:00:00+00:00,33.04,33.07,32.83,33.07,629998,2248,33.0248
2021-02-19 05:00:00+00:00,33.22,33.31,33.14,33.16,565413,1654,33.20287
2021-02-22 05:00:00+00:00,33.07,33.24,33.05,33.08,400969,1323,33.183646
2021-02-23 05:00:00+00:00,32.94,33.07,32.63,33.0,939309,3325,32.952162
2021-02-24 05:00:00+00:00,32.76,33.11,32.69,33.08,714781,2398,32.943315
2021-02-25 05:00:00+00:00,33.08,33.183,32.46,32.5,521158,2609,32.734648
2021-02-26 05:00:00+00:00,32.42,32.42,32.07,32.17,403585,1579,32.220813
2021-03-01 05:00:00+00:00,32.53,32.73,32.47,32.66,373852,1292,32.64576
2021-03-02 05:00:00+00:00,32.71,32.8,32.59,32.71,432628,1143,32.670827
2021-03-03 05:00:00+00:00,32.56,32.66,32.37,32.43,457534,1631,32.520516
2021-03-04 05:00:00+00:00,32.42,32.57,31.93,32.13,1276295,3354,32.378311
2021-03-05 05:00:00+00:00,32.34,32.38,31.87,32.34,535311,1906,32.101449
2021-03-08 05:00:00+00:00,32.14,32.38,32.1,32.14,278218,1105,32.270107
2021-03-09 05:00:00+00:00,32.57,32.72,32.55,32.67,266753,851,32.665593
2021-03-10 05:00:00+00:00,32.82,32.89,32.69,32.86,238216,1022,32.811569
2021-03-11 05:00:00+00:00,33.01,33.16,32.96,33.1,463483,1698,33.088747
2021-03-12 05:00:00+00:00,32.93,33.18,32.905,33.18,388370,2548,33.060754
2021-03-15 04:00:00+00:00,33.14,33.26,32.98,33.25,299366,1353,33.142743
2021-03-16 04:00:00+00:00,33.31,33.39,33.27,33.34,259000,1357,33.342266
2021-03-17 04:00:00+00:00,33.22,33.56,33.18,33.49,504518,1783,33.301101
2021-03-18 04:00:00+00:00,33.38,33.57,33.2,33.27,405489,1772,33.401308
2021-03-19 04:00:00+00:00,33.18,33.3696,33.0754,33.28,235238,1012,33.27147
2021-03-22 04:00:00+00:00,33.3,33.47,33.29,33.4,437887,825,33.381517
2021-03-23 04:00:00+00:00,33.14,33.24,32.93,33.0,267290,1004,33.131817
2021-03-24 04:00:00+00:00,32.92,33.03,32.79,32.79,556002,1637,32.935026
2021-03-25 04:00:00+00:00,32.68,32.915,32.5687,32.9,464532,2030,32.772378
2021-03-26 04:00:00+00:00,32.99,33.32,32.99,33.3,350025,1980,33.10957
2021-03-29 04:00:00+00:00,33.1,33.23,33.03,33.18,274657,1215,33.152037
2021-03-30 04:00:00+00:00,32.99,33.13,32.96,33.1,154209,906,33.064227
2021-03-31 04:00:00+00:00,33.01,33.18,33.01,33.04,216500,1081,33.080346
2021-04-01 04:00:00+00:00,33.18,33.48,33.16,33.46,222819,943,33.32096
2021-04-05 04:00:00+00:00,33.64,33.91,33.61,33.87,682441,2462,33.815811
2021-04-06 04:00:00+00:00,33.54,33.64,33.515,33.63,499603,2402,33.581376
2021-04-07 04:00:00+00:00,33.62,33.71,33.58,33.66,200171,1038,33.637564
2021-04-08 04:00:00+00:00,33.81,33.92,33.78,33.9,249364,1185,33.868092
2021-04-09 04:00:00+00:00,33.88,34.06,33.85,34.06,267867,919,33.931311
2021-04-12 04:00:00+00:00,33.85,33.89,33.7958,33.84,236588,1124,33.840713
2021-04-13 04:00:00+00:00,33.95,34.09,33.92,34.07,182603,992,34.003908
2021-04-14 04:00:00+00:00,34.06,34.16,34.02,34.07,236797,1269,34.091532
2021-04-15 04:00:00+00:00,34.27,34.32,34.24,34.31,622731,1982,34.284335
2021-04-16 04:00:00+00:00,34.41,34.57,34.39,34.57,321330,1268,34.504169
2021-04-19 04:00:00+00:00,34.6,34.61,34.42,34.44,678180,2332,34.490863
2021-04-20 04:00:00+00:00,34.15,34.18,33.865,33.9,557766,1809,33.952555
2021-04-21 04:00:00+00:00,33.9,34.29,33.8865,34.26,330816,1009,34.189374
2021-04-22 04:00:00+00:00,34.34,34.365,34.1,34.14,763485,2029,34.252505
2021-04-23 04:00:00+00:00,34.29,34.56,34.28,34.45,359165,992,34.438377
2021-04-26 04:00:00+00:00,34.47,34.5599,34.46,34.49,219915,852,34.504881
2021-04-27 04:00:00+00:00,34.34,34.41,34.29,34.38,373369,1814,34.376463
2021-04-28 04:00:00+00:00,34.36,34.56,34.35,34.47,351176,1200,34.446537
2021-04-29 04:00:00+00:00,34.61,34.61,34.3,34.47,216721,885,34.422916
2021-04-30 04:00:00+00:00,34.34,34.37,34.01,34.12,249617,1002,34.16
2021-05-03 04:00:00+00:00,34.3,34.46,34.3,34.42,612989,3374,34.400133
2021-05-04 04:00:00+00:00,34.1,34.165,33.8,34.02,321600,1645,33.945567
2021-05-05 04:00:00+00:00,34.36,34.73,34.28,34.46,223942,891,34.416153
2021-05-06 04:00:00+00:00,34.41,34.67,34.34,34.67,310560,1454,34.499095
2021-05-07 04:00:00+00:00,34.76,35.12,34.71,35.12,213176,952,35.000039
2021-05-10 04:00:00+00:00,35.14,35.1999,34.89,34.89,239830,1107,35.070804
2021-05-11 04:00:00+00:00,34.28,34.55,34.25,34.52,356197,1496,34.449964
2021-05-12 04:00:00+00:00,34.23,34.38,33.89,33.94,227380,1138,34.099527
2021-05-13 04:00:00+00:00,33.95,34.22,33.93,34.14,560485,2313,34.103148
2021-05-14 04:00:00+00:00,34.47,34.74,34.46,34.73,289329,1318,34.611029
2021-05-17 04:00:00+00:00,34.54,34.68,34.51,34.64,227094,1149,34.581965
2021-05-18 04:00:00+00:00,34.97,34.97,34.7899,34.8,178273,894,34.883345
2021-05-19 04:00:00+00:00,34.4,34.67,34.27,34.55,283134,1445,34.496061
2021-05-20 04:00:00+00:00,34.75,35.055,34.75,35.0,171615,879,34.955778
2021-05-21 04:00:00+00:00,35.11,35.13,34.93,35.04,129134,803,35.050015
2021-05-24 04:00:00+00:00,35.18,35.3,35.12,35.25,278783,825,35.238252
2021-05-25 04:00:00+00:00,35.35,35.36,35.21,35.27,276473,1415,35.274927
2021-05-26 04:00:00+00:00,35.22,35.335,35.2101,35.22,282363,1405,35.259353
2021-05-27 04:00:00+00:00,35.32,35.39,35.25,35.34,226077,1190,35.325353
2021-05-28 04:00:00+00:00,35.38,35.51,35.37,35.4,271833,1144,35.465332
2021-06-01 04:00:00+00:00,35.63,35.65,35.46,35.46,205559,822,35.539919
2021-06-02 04:00:00+00:00,35.52,35.6,35.47,35.59,219610,826,35.553859
2021-06-03 04:00:00+00:00,35.37,35.45,35.3098,35.42,200905,789,35.394297
2021-06-04 04:00:00+00:00,35.68,35.77,35.64,35.75,265898,903,35.725779
2021-06-07 04:00:00+00:00,35.83,35.96,35.8174,35.96,150391,865,35.885568
2021-06-08 04:00:00+00:00,35.97,35.98,35.85,35.96,294697,1249,35.928257
2021-06-09 04:00:00+00:00,35.91,35.91,35.7614,35.8,211487,939,35.824327
2021-06-10 04:00:00+00:00,35.81,35.919,35.76,35.85,185091,806,35.865037
2021-06-11 04:00:00+00:00,35.94,35.97,35.852,35.96,138353,508,35.900026
2021-06-14 04:00:00+00:00,35.94,36.08,35.935,36.08,820333,1685,35.9742
2021-06-15 04:00:00+00:00,36.07,36.11,35.99,36.11,728745,906,36.041444
2021-06-16 04:00:00+00:00,36.08,36.15,35.72,35.84,338702,1469,35.976032
2021-06-17 04:00:00+00:00,35.57,35.635,35.4,35.5,577007,3315,35.519919
2021-06-18 04:00:00+00:00,35.0,35.05,34.87,34.95,263962,1523,34.979439
2021-06-21 04:00:00+00:00,35.1,35.397,35.05,35.37,173214,859,35.27567
2021-06-22 04:00:00+00:00,35.28,35.519,35.22,35.43,262468,1299,35.400883
2021-06-23 04:00:00+00:00,35.42,35.4209,35.19,35.25,167513,1127,35.313663
2021-06-24 04:00:00+00:00,35.17,35.24,35.133,35.24,169690,954,35.196227
2021-06-25 04:00:00+00:00,35.32,35.34,35.2365,35.34,141548,787,35.287676
2021-06-28 04:00:00+00:00,35.24,35.24,35.0762,35.13,233044,1325,35.138115
2021-06-29 04:00:00+00:00,35.18,35.22,35.12,35.16,262127,918,35.162847
2021-06-30 04:00:00+00:00,34.9,34.97,34.77,34.93,280999,1103,34.845549
2021-07-01 04:00:00+00:00,34.93,35.03,34.85,35.03,386366,1132,34.93306
2021-07-02 04:00:00+00:00,35.04,35.16,34.94,35.16,194418,1128,35.068407
2021-07-06 04:00:00+00:00,35.08,35.15,34.77,34.93,282088,1096,34.889118
2021-07-07 04:00:00+00:00,35.08,35.145,34.9454,35.14,164869,939,35.099567
2021-07-08 04:00:00+00:00,34.55,34.7,34.445,34.62,246027,1195,34.576444
2021-07-09 04:00:00+00:00,34.96,35.23,34.9586,35.23,190785,850,35.148643
2021-07-12 04:00:00+00:00,35.22,35.35,35.2165,35.33,129560,793,35.306776
2021-07-13 04:00:00+00:00,35.21,35.2896,35.13,35.15,181092,977,35.205165
2021-07-14 04:00:00+00:00,35.31,35.34,35.22,35.27,175064,817,35.28585
2021-07-15 04:00:00+00:00,34.95,35.03,34.81,34.93,210670,828,34.931211
2021-07-16 04:00:00+00:00,34.92,34.92,34.65,34.72,211640,1249,34.762164
2021-07-19 04:00:00+00:00,34.19,34.24,33.9517,34.1,319764,1603,34.048701
2021-07-20 04:00:00+00:00,34.07,34.46,34.01,34.42,4553265,2002,34.380418
2021-07-21 04:00:00+00:00,34.57,34.91,34.57,34.89,710404,1100,34.860794
2021-07-22 04:00:00+00:00,35.01,35.01,34.8398,34.94,134889,763,34.94054
2021-07-23 04:00:00+00:00,35.14,35.225,35.07,35.19,213143,835,35.164327
2021-07-26 04:00:00+00:00,35.09,35.23,35.09,35.23,2293046,7727,35.181072
2021-07-27 04:00:00+00:00,35.05,35.075,34.905,35.07,1561039,3553,35.007071
2021-07-28 04:00:00+00:00,35.06,35.25,34.99,35.21,1571159,3653,35.087674
2021-07-29 04:00:00+00:00,35.43,35.53,35.43,35.46,1087986,2808,35.496675
2021-07-30 04:00:00+00:00,35.34,35.42,35.21,35.29,219821,989,35.301707
2021-08-02 04:00:00+00:00,35.56,35.59,35.4,35.44,291349,1169,35.528068
2021-08-03 04:00:00+00:00,35.6,35.685,35.47,35.65,300879,1303,35.592079
2021-08-04 04:00:00+00:00,35.74,35.79,35.59,35.61,273907,1097,35.649895
2021-08-05 04:00:00+00:00,35.77,35.8,35.73,35.75,202357,878,35.768752
2021-08-06 04:00:00+00:00,35.65,35.7,35.55,35.59,212956,905,35.588396
2021-08-09 04:00:00+00:00,35.66,35.67,35.56,35.59,380119,1069,35.587139
2021-08-10 04:00:00+00:00,35.62,35.68,35.59,35.66,275362,1142,35.648112
2021-08-11 04:00:00+00:00,35.89,35.93,35.8181,35.92,284628,1189,35.877473
2021-08-12 04:00:00+00:00,35.83,35.9,35.77,35.88,242031,1119,35.844507
2021-08-13 04:00:00+00:00,35.99,36.1,35.96,36.1,159832,860,36.049903
2021-08-16 04:00:00+00:00,35.81,35.92,35.7392,35.91,938977,993,35.839708
2021-08-17 04:00:00+00:00,35.63,35.684,35.4692,35.61,514021,1858,35.58751
2021-08-18 04:00:00+00:00,35.6,35.7305,35.48,35.48,392651,1492,35.633054
2021-08-19 04:00:00+00:00,35.02,35.226,35.0,35.16,711924,1501,35.144081
2021-08-20 04:00:00+00:00,35.05,35.315,35.05,35.31,237536,1026,35.199508
2021-08-23 04:00:00+00:00,35.55,35.72,35.51,35.68,324100,1550,35.644256
2021-08-24 04:00:00+00:00,35.62,35.7673,35.6,35.72,217998,1016,35.716473
2021-08-25 04:00:00+00:00,35.65,35.73,35.59,35.71,325447,1187,35.670435
2021-08-26 04:00:00+00:00,35.6,35.6299,35.4658,35.5,308205,1310,35.555316
2021-08-27 04:00:00+00:00,35.52,35.83,35.5,35.82,343934,1046,35.757268
2021-08-30 04:00:00+00:00,35.81,35.88,35.7667,35.84,448704,1676,35.827823
2021-08-31 04:00:00+00:00,35.88,35.9004,35.75,35.75,338584,1504,35.805758
2021-09-01 04:00:00+00:00,36.04,36.165,36.0105,36.05,418298,1679,36.071904
2021-09-02 04:00:00+00:00,36.24,36.34,36.21,36.29,368333,1351,36.272796
2021-09-03 04:00:00+00:00,36.29,36.48,36.26,36.43,274431,1257,36.39788
2021-09-07 04:00:00+00:00,36.45,36.47,36.37,36.39,304879,1514,36.420687
2021-09-08 04:00:00+00:00,36.24,36.3,36.06,36.13,403036,2149,36.169135
2021-09-09 04:00:00+00:00,36.14,36.26,36.06,36.11,323431,1686,36.170406
2021-09-10 04:00:00+00:00,36.38,36.41,36.05,36.08,793996,2424,36.211828
2021-09-13 04:00:00+00:00,36.39,36.39,36.13,36.25,469820,2605,36.231641
2021-09-14 04:00:00+00:00,36.37,36.37,36.09,36.11,307225,1789,36.212819
2021-09-15 04:00:00+00:00,36.1,36.27,36.05,36.26,424277,1546,36.154412
2021-09-16 04:00:00+00:00,36.11,36.2,36.0,36.17,293430,1658,36.094881
2021-09-17 04:00:00+00:00,35.98,36.01,35.61,35.72,444777,1978,35.731913
2021-09-20 04:00:00+00:00,34.94,35.13,34.7785,35.05,520089,2932,34.978017
2021-09-21 04:00:00+00:00,35.44,35.53,35.3,35.35,655014,3088,35.409925
2021-09-22 04:00:00+00:00,35.49,35.78,35.48,35.55,388639,1820,35.612949
2021-09-23 04:00:00+00:00,35.81,35.99,35.81,35.93,231380,1151,35.926389
2021-09-24 04:00:00+00:00,35.28,35.39,35.26,35.31,271762,1383,35.322818
2021-09-27 04:00:00+00:00,35.16,35.225,35.08,35.17,397935,1311,35.174363
2021-09-28 04:00:00+00:00,34.64,34.64,34.29,34.38,466814,2324,34.392303
2021-09-29 04:00:00+00:00,34.45,34.5,34.275,34.31,530018,2275,34.37033
2021-09-30 04:00:00+00:00,34.32,34.38,34.1,34.17,459535,2128,34.255568
2021-10-01 04:00:00+00:00,34.18,34.31,33.95,34.25,1093970,3054,34.15252
2021-10-04 04:00:00+00:00,34.16,34.2,33.79,33.93,757899,2882,33.947896
2021-10-05 04:00:00+00:00,34.01,34.28,33.97,34.14,356878,1474,34.165606
2021-10-06 04:00:00+00:00,33.63,33.97,33.54,33.95,488045,2643,33.761471
2021-10-07 04:00:00+00:00,34.12,34.35,34.12,34.24,477913,1665,34.271888
2021-10-08 04:00:00+00:00,34.3,34.33,34.1617,34.22,368613,1537,34.247772
2021-10-11 04:00:00+00:00,34.25,34.38,34.08,34.08,364380,1641,34.253407
2021-10-12 04:00:00+00:00,34.18,34.23,34.05,34.11,683194,1961,34.135657
2021-10-13 04:00:00+00:00,34.34,34.53,34.25,34.51,502444,2306,34.415969
2021-10-14 04:00:00+00:00,34.81,34.8708,34.76,34.85,367182,1516,34.825177
2021-10-15 04:00:00+00:00,35.01,35.11,34.98,35.09,424611,1371,35.065144
2021-10-18 04:00:00+00:00,34.84,35.0,34.8,34.98,334021,1371,34.934174
2021-10-19 04:00:00+00:00,35.18,35.27,35.14,35.22,440971,1972,35.218682
2021-10-20 04:00:00+00:00,35.22,35.365,35.2,35.32,254312,1252,35.308772
2021-10-21 04:00:00+00:00,35.13,35.26,35.13,35.21,505573,1903,35.192797
2021-10-22 04:00:00+00:00,35.36,35.49,35.265,35.42,255840,1360,35.384416
2021-10-25 04:00:00+00:00,35.36,35.46,35.27,35.41,321190,1221,35.407978
2021-10-26 04:00:00+00:00,35.58,35.58,35.371,35.42,309112,1190,35.485433
2021-10-27 04:00:00+00:00,35.4,35.445,35.21,35.24,412010,1644,35.350323
2021-10-28 04:00:00+00:00,35.37,35.6286,35.37,35.58,313021,1460,35.546259
2021-10-29 04:00:00+00:00,35.31,35.36,35.22,35.34,462404,2084,35.292269
2021-11-01 04:00:00+00:00,35.54,35.705,35.49,35.7,319493,1527,35.591459
2021-11-02 04:00:00+00:00,35.62,35.685,35.6,35.63,445088,1402,35.636017
2021-11-03 04:00:00+00:00,35.62,35.9696,35.59,35.94,376586,1665,35.767336
2021-11-04 04:00:00+00:00,35.85,35.9,35.76,35.9,408279,1640,35.83276
2021-11-05 04:00:00+00:00,35.89,35.94,35.8,35.94,321100,1543,35.869059
2021-11-08 05:00:00+00:00,35.96,36.01,35.915,35.96,304944,1551,35.960002
2021-11-09 05:00:00+00:00,35.96,36.0,35.78,35.9,795421,2149,35.854747
2021-11-10 05:00:00+00:00,35.76,35.81,35.425,35.46,550557,2153,35.609792
2021-11-11 05:00:00+00:00,35.63,35.695,35.59,35.62,323339,1450,35.6424
2021-11-12 05:00:00+00:00,35.76,35.87,35.71,35.85,213979,1083,35.827657
2021-11-15 05:00:00+00:00,35.93,35.94,35.755,35.77,338473,1275,35.863076
2021-11-16 05:00:00+00:00,35.7,35.77,35.65,35.66,345569,1576,35.728033
2021-11-17 05:00:00+00:00,35.62,35.66,35.56,35.63,299463,1590,35.606601
2021-11-18 05:00:00+00:00,35.6,35.68,35.5,35.68,322725,1193,35.58321
2021-11-19 05:00:00+00:00,35.51,35.565,35.3993,35.43,397654,1793,35.494918
2021-11-22 05:00:00+00:00,35.4,35.475,35.18,35.19,392153,2017,35.368917
2021-11-23 05:00:00+00:00,35.08,35.19,34.94,35.12,401261,1702,35.015064
2021-11-24 05:00:00+00:00,34.65,34.9,34.62,34.9,450900,1458,34.803212
2021-11-26 05:00:00+00:00,34.32,34.41,34.01,34.13,518636,2146,34.184771
2021-11-29 05:00:00+00:00,34.37,34.41,34.13,34.29,554571,2289,34.287245
2021-11-30 05:00:00+00:00,34.19,34.28,33.65,33.95,1375882,5521,33.933281
2021-12-01 05:00:00+00:00,34.28,34.465,33.66,33.67,720899,3006,34.150853
2021-12-02 05:00:00+00:00,33.81,34.16,33.81,34.08,815581,3721,34.048174
2021-12-03 05:00:00+00:00,34.21,34.21,33.74,33.96,681912,3001,33.870767
2021-12-06 05:00:00+00:00,34.16,34.31,34.05,34.26,848132,3468,34.215018
2021-12-07 05:00:00+00:00,34.71,35.01,34.71,35.01,595317,2120,34.939932
2021-12-08 05:00:00+00:00,35.04,35.075,34.92,35.05,410472,1732,34.995338
2021-12-09 05:00:00+00:00,34.83,34.87,34.7399,34.76,464287,2080,34.803644
2021-12-10 05:00:00+00:00,34.84,34.855,34.7,34.84,510600,2105,34.799018
2021-12-13 05:00:00+00:00,34.68,34.73,34.475,34.52,558739,2809,34.582839
2021-12-14 05:00:00+00:00,34.35,34.48,34.17,34.32,604142,2807,34.290397
2021-12-15 05:00:00+00:00,34.36,34.775,34.22,34.77,752047,4066,34.531242
2021-12-16 05:00:00+00:00,34.93,34.96,34.665,34.79,481214,2171,34.824697
2021-12-17 05:00:00+00:00,34.5,34.61,34.29,34.32,835357,3424,34.481148
2021-12-20 05:00:00+00:00,34.12,34.26,34.0322,34.25,729982,2426,34.138696
2021-12-21 05:00:00+00:00,34.43,34.63,34.38,34.63,738084,1758,34.552871
2021-12-22 05:00:00+00:00,34.63,34.97,34.59,34.97,627699,2147,34.82838
2021-12-23 05:00:00+00:00,34.91,35.2,34.91,35.15,345169,1500,35.110288
2021-12-27 05:00:00+00:00,35.03,35.29,35.03,35.29,412368,1353,35.208062
2021-12-28 05:00:00+00:00,35.37,35.42,35.3,35.32,555559,1794,35.340306
2021-12-29 05:00:00+00:00,35.28,35.38,35.25,35.35,395028,1361,35.316177
2021-12-30 05:00:00+00:00,35.35,35.41,35.23,35.26,436958,1471,35.330787
2021-12-31 05:00:00+00:00,35.27,35.41,35.18,35.27,489496,2035,35.314466
2022-01-03 05:00:00+00:00,35.28,35.44,35.24,35.39,861349,3204,35.33298
2022-01-04 05:00:00+00:00,35.56,35.62,35.4,35.5,930773,2629,35.515456
2022-01-05 05:00:00+00:00,35.57,35.63,35.135,35.16,853054,3546,35.4534
2022-01-06 05:00:00+00:00,35.04,35.14,34.885,35.01,889630,3062,35.018868
2022-01-07 05:00:00+00:00,34.99,35.139,34.84,35.1,522650,2130,35.033302
2022-01-10 05:00:00+00:00,34.67,34.78,34.44,34.77,665968,2933,34.613194
2022-01-11 05:00:00+00:00,34.77,35.15,34.71,35.14,655573,3123,34.982069
2022-01-12 05:00:00+00:00,35.37,35.505,35.34,35.49,707815,2720,35.43712
2022-01-13 05:00:00+00:00,35.53,35.57,35.145,35.18,760035,2494,35.362003
2022-01-14 05:00:00+00:00,35.04,35.17,34.86,35.08,658215,2648,34.996321
2022-01-18 05:00:00+00:00,34.73,34.81,34.54,34.62,640845,2462,34.685407
2022-01-19 05:00:00+00:00,34.79,34.88,34.58,34.62,773268,3217,34.733469
2022-01-20 05:00:00+00:00,34.7,34.89,34.36,34.38,1471445,5164,34.701927
2022-01-21 05:00:00+00:00,34.25,34.3,33.865,33.9,1387392,4767,34.089673
2022-01-24 05:00:00+00:00,33.25,33.57,32.64,33.57,2590884,9079,33.109724
2022-01-25 05:00:00+00:00,33.13,33.57,32.88,33.33,1723125,5832,33.192756
2022-01-26 05:00:00+00:00,33.73,33.82,33.045,33.27,1371106,7687,33.494751
2022-01-27 05:00:00+00:00,33.3,33.43,32.94,33.04,1757182,5724,33.10877
2022-01-28 05:00:00+00:00,32.86,33.2,32.69,33.19,1254309,6142,32.922751
2022-01-31 05:00:00+00:00,33.21,33.74,33.21,33.73,679189,3372,33.512764
2022-02-01 05:00:00+00:00,33.89,34.04,33.67,34.01,971966,3746,33.842801
2022-02-02 05:00:00+00:00,34.34,34.399,34.1777,34.33,670388,3637,34.311691
2022-02-03 05:00:00+00:00,34.01,34.125,33.82,33.86,1072859,3492,33.994372
2022-02-04 05:00:00+00:00,33.77,34.025,33.65,33.89,662932,3145,33.829041
2022-02-07 05:00:00+00:00,33.89,34.055,33.8199,33.91,554559,2073,33.932149
2022-02-08 05:00:00+00:00,33.85,34.09,33.77,34.05,388020,1714,33.961773
2022-02-09 05:00:00+00:00,34.51,34.61,34.47,34.6,373430,1683,34.535478
2022-02-10 05:00:00+00:00,34.13,34.65,34.12,34.21,736393,2745,34.395693
2022-02-11 05:00:00+00:00,34.16,34.3,33.6,33.72,811061,3573,33.934116
2022-02-14 05:00:00+00:00,33.55,33.6,33.26,33.48,993261,4014,33.410151
2022-02-15 05:00:00+00:00,33.87,34.07,33.82,34.07,441910,1794,33.979603
2022-02-16 05:00:00+00:00,33.89,34.2099,33.88,34.12,554844,2423,34.03151
2022-02-17 05:00:00+00:00,33.9,33.94,33.62,33.65,378960,1591,33.778522
2022-02-18 05:00:00+00:00,33.69,33.74,32.98,33.5,731821,2964,33.549328
2022-02-22 05:00:00+00:00,33.18,33.38,32.88,33.12,1063329,4615,33.132172
2022-02-23 05:00:00+00:00,33.43,33.43,32.7512,32.81,846475,3608,33.023383
2022-02-24 05:00:00+00:00,31.65,32.42,31.59,32.375,1393544,6007,31.924812
2022-02-25 05:00:00+00:00,32.67,33.21,32.6206,33.21,974764,3741,32.931781
2022-02-28 05:00:00+00:00,32.61,33.03,32.51,32.69,926332,3761,32.723441
2022-03-01 05:00:00+00:00,32.61,32.667,31.88,32.05,982672,3717,32.121272
2022-03-02 05:00:00+00:00,32.25,32.53,32.15,32.47,597773,2898,32.37735
2022-03-03 05:00:00+00:00,32.36,32.37,31.815,31.94,631826,2842,31.974254
2022-03-04 05:00:00+00:00,31.13,31.18,30.84,31.12,2773808,2987,30.936423
2022-03-07 05:00:00+00:00,30.98,30.98,30.09,30.23,1174723,3495,30.409108
2022-03-08 05:00:00+00:00,30.41,30.88,30.01,30.36,1826016,5939,30.386793
2022-03-09 05:00:00+00:00,31.22,31.71,31.05,31.55,700862,2048,31.452117
2022-03-10 05:00:00+00:00,31.09,31.3699,31.0106,31.15,473412,2023,31.169992
2022-03-11 05:00:00+00:00,31.48,31.5,30.87,30.89,993642,3038,31.136953
2022-03-14 04:00:00+00:00,31.31,31.501,31.07,31.14,578899,2063,31.23818
2022-03-15 04:00:00+00:00,31.26,31.47,31.115,31.41,1798336,3111,31.245767
2022-03-16 04:00:00+00:00,31.98,32.48,31.76,32.45,1598235,6632,32.042838
2022-03-17 04:00:00+00:00,32.37,32.8,32.34,32.73,566777,2228,32.546909
2022-03-18 04:00:00+00:00,32.48,33.07,32.47,33.04,375301,1646,32.835156
2022-03-21 04:00:00+00:00,32.96,33.025,32.73,32.86,516314,2400,32.884518
2022-03-22 04:00:00+00:00,33.06,33.18,33.005,33.15,505321,1890,33.10934
2022-03-23 04:00:00+00:00,32.74,32.91,32.6967,32.71,659715,1693,32.805823
2022-03-24 04:00:00+00:00,32.8,32.9166,32.6981,32.9,358743,1375,32.803081
2022-03-25 04:00:00+00:00,32.75,32.81,32.5621,32.78,423442,1734,32.706752
2022-03-28 04:00:00+00:00,32.61,32.73,32.48,32.73,1296674,2913,32.574353
2022-03-29 04:00:00+00:00,33.41,33.445,33.09,33.37,1048401,4238,33.250358
2022-03-30 04:00:00+00:00,33.26,33.39,33.16,33.28,900591,3460,33.292918
2022-03-31 04:00:00+00:00,33.04,33.14,32.6901,32.73,488058,2099,32.944675
2022-04-01 04:00:00+00:00,32.91,32.97,32.731,32.97,424016,1652,32.851135
2022-04-04 04:00:00+00:00,32.91,33.12,32.9,33.09,284591,1242,33.036687
2022-04-05 04:00:00+00:00,32.93,33.0599,32.635,32.73,342386,1621,32.811235
2022-04-06 04:00:00+00:00,32.31,32.47,32.14,32.31,514551,2529,32.294904
2022-04-07 04:00:00+00:00,32.32,32.47,32.095,32.4,535154,1653,32.306416
2022-04-08 04:00:00+00:00,32.25,32.49,32.2091,32.41,531137,1492,32.392998
2022-04-11 04:00:00+00:00,32.24,32.2957,32.02,32.06,477683,1629,32.170463
2022-04-12 04:00:00+00:00,32.09,32.2,31.78,31.86,600731,1702,32.035458
2022-04-13 04:00:00+00:00,31.83,32.215,31.83,32.2,470669,1581,32.090346
2022-04-14 04:00:00+00:00,32.21,32.27,32.0139,32.04,468361,1596,32.109862
2022-04-18 04:00:00+00:00,31.89,32.09,31.83,31.89,527351,1984,31.954121
2022-04-19 04:00:00+00:00,31.74,32.08,31.74,32.06,636840,2568,31.96518
2022-04-20 04:00:00+00:00,32.31,32.38,32.1812,32.27,414716,1792,32.30469
2022-04-21 04:00:00+00:00,32.58,32.62,31.87,31.93,688889,2585,32.190661
2022-04-22 04:00:00+00:00,31.84,31.86,31.325,31.36,617393,1933,31.53443
2022-04-25 04:00:00+00:00,30.99,31.23,30.775,31.19,897025,2387,30.996706
2022-04-26 04:00:00+00:00,30.93,30.945,30.32,30.32,762369,2590,30.597737
2022-04-27 04:00:00+00:00,30.39,30.66,30.2637,30.46,776894,2459,30.493035
2022-04-28 04:00:00+00:00,30.65,30.969,30.42,30.92,493772,1679,30.734748
2022-04-29 04:00:00+00:00,30.97,31.17,30.52,30.55,731902,2171,30.839526
2022-05-02 04:00:00+00:00,30.37,30.57,30.1,30.42,1683684,3665,30.33594
2022-05-03 04:00:00+00:00,30.61,30.75,30.525,30.66,885148,2449,30.634943
2022-05-04 04:00:00+00:00,30.62,31.18,30.33,31.16,593965,2229,30.652618
2022-05-05 04:00:00+00:00,30.75,30.76,29.96,30.18,635183,2431,30.183733
2022-05-06 04:00:00+00:00,29.94,30.025,29.67,29.83,555454,2005,29.825998
2022-05-09 04:00:00+00:00,29.34,29.37,28.945,29.04,885426,3275,29.141637
2022-05-10 04:00:00+00:00,29.49,29.5,28.98,29.15,522838,2011,29.18234
2022-05-11 04:00:00+00:00,29.28,29.61,28.97,29.01,625471,2290,29.282163
2022-05-12 04:00:00+00:00,28.83,29.1464,28.6508,28.91,992765,2879,28.853159
2022-05-13 04:00:00+00:00,29.29,29.6986,29.29,29.66,762850,2372,29.560249
2022-05-16 04:00:00+00:00,29.55,29.875,29.47,29.73,632555,2038,29.698169
2022-05-17 04:00:00+00:00,30.21,30.29,30.05,30.29,609520,2184,30.205346
2022-05-18 04:00:00+00:00,29.98,30.04,29.51,29.54,511479,1961,29.770831
2022-05-19 04:00:00+00:00,29.48,29.955,29.47,29.8,1650436,2174,29.802762
2022-05-20 04:00:00+00:00,30.12,30.13,29.593,29.98,498493,2011,29.818674
2022-05-23 04:00:00+00:00,30.29,30.5399,30.215,30.48,489170,2160,30.418875
2022-05-24 04:00:00+00:00,30.34,30.43,30.15,30.35,571832,2109,30.294862
2022-05-25 04:00:00+00:00,30.13,30.5191,30.13,30.39,1341945,2798,30.337414
2022-05-26 04:00:00+00:00,30.41,30.77,30.401,30.7,403015,1762,30.690758
2022-05-27 04:00:00+00:00,30.89,31.085,30.88,31.07,719061,1795,31.010418
2022-05-31 04:00:00+00:00,30.98,31.145,30.8714,30.94,854300,2495,31.03075
2022-06-01 04:00:00+00:00,31.1,31.13,30.545,30.65,640915,2195,30.758604
2022-06-02 04:00:00+00:00,30.87,31.27,30.78,31.27,642050,1816,31.055236
2022-06-03 04:00:00+00:00,30.94,31.0,30.8,30.85,412389,1685,30.88334
2022-06-06 04:00:00+00:00,31.19,31.22,30.91,30.96,382087,1329,31.027565
2022-06-07 04:00:00+00:00,30.67,31.06,30.67,31.03,311483,1494,30.933553
2022-06-08 04:00:00+00:00,30.73,30.84,30.58,30.61,451109,1969,30.708023
2022-06-09 04:00:00+00:00,30.45,30.51,29.97,29.97,535430,1954,30.262822
2022-06-10 04:00:00+00:00,29.42,29.482,29.2,29.32,1808095,4203,29.335149
2022-06-13 04:00:00+00:00,28.59,28.72,28.35,28.41,801254,2540,28.531285
2022-06-14 04:00:00+00:00,28.36,28.43,27.85,28.07,2963466,5230,28.194448
2022-06-15 04:00:00+00:00,28.35,28.7,28.0,28.53,982697,3271,28.386716
2022-06-16 04:00:00+00:00,27.95,28.07,27.7199,27.87,1073016,3715,27.888528
2022-06-17 04:00:00+00:00,27.84,27.935,27.54,27.72,1091575,2748,27.743978
2022-06-21 04:00:00+00:00,28.14,28.26,28.09,28.12,867976,2855,28.156974
2022-06-22 04:00:00+00:00,27.8,28.15,27.8,27.91,650032,1860,28.012446
2022-06-23 04:00:00+00:00,27.89,27.93,27.5943,27.83,643055,1894,27.773843
2022-06-24 04:00:00+00:00,27.73,28.22,27.73,28.22,1321111,2317,28.035959
2022-06-27 04:00:00+00:00,28.17,28.3,28.08,28.13,579381,1964,28.156341
2022-06-28 04:00:00+00:00,28.33,28.46,27.96,27.98,759685,2714,28.108471
2022-06-29 04:00:00+00:00,27.97,28.06,27.85,27.86,597604,1920,27.932981
2022-06-30 04:00:00+00:00,27.46,27.8,27.31,27.77,1054525,1978,27.663136
2022-07-01 04:00:00+00:00,27.42,27.85,27.33,27.85,494961,1909,27.606211
2022-07-05 04:00:00+00:00,26.98,27.27,26.8794,27.27,667884,2600,27.054383
2022-07-06 04:00:00+00:00,27.23,27.33,27.05,27.27,746447,2567,27.205847
2022-07-07 04:00:00+00:00,27.49,27.7,27.49,27.7,410074,1768,27.637843
2022-07-08 04:00:00+00:00,27.62,27.84,27.54,27.76,550120,1310,27.732034
2022-07-11 04:00:00+00:00,27.42,27.4767,27.28,27.33,359412,1287,27.386677
2022-07-12 04:00:00+00:00,27.28,27.505,27.23,27.31,591098,1193,27.428117
2022-07-13 04:00:00+00:00,26.97,27.39,26.94,27.28,662604,2140,27.273777
2022-07-14 04:00:00+00:00,26.85,26.915,26.5,26.9,858573,2558,26.797198
2022-07-15 04:00:00+00:00,27.09,27.31,26.96,27.31,480950,1619,27.20799
2022-07-18 04:00:00+00:00,27.67,27.77,27.39,27.46,710156,2023,27.582024
2022-07-19 04:00:00+00:00,27.91,28.17,27.91,28.16,664628,1862,28.099382
2022-07-20 04:00:00+00:00,28.09,28.17,27.89,28.02,388704,1593,28.039597
2022-07-21 04:00:00+00:00,27.98,28.3368,27.96,28.33,308958,1421,28.198836
2022-07-22 04:00:00+00:00,28.44,28.57,28.15,28.27,596794,1847,28.352675
2022-07-25 04:00:00+00:00,28.44,28.5,28.35,28.48,344189,1343,28.424457
2022-07-26 04:00:00+00:00,28.24,28.28,28.08,28.09,888382,1929,28.146072
2022-07-27 04:00:00+00:00,28.35,28.732,28.24,28.69,785867,1798,28.394672
2022-07-28 04:00:00+00:00,28.66,28.9299,28.52,28.9,531599,1777,28.758633
2022-07-29 04:00:00+00:00,28.95,29.26,28.89,29.26,351256,1386,29.139284
2022-08-01 04:00:00+00:00,29.23,29.39,29.14,29.25,498140,1883,29.26195
2022-08-02 04:00:00+00:00,29.06,29.105,28.82,28.83,563210,2483,28.940291
2022-08-03 04:00:00+00:00,28.96,29.03,28.77,28.97,397108,1368,28.948535
2022-08-04 04:00:00+00:00,29.0,29.17,29.0,29.12,290686,993,29.103434
2022-08-05 04:00:00+00:00,28.75,28.945,28.71,28.91,565515,1999,28.840767
2022-08-08 04:00:00+00:00,29.12,29.23,28.95,29.01,564824,1987,29.084522
2022-08-09 04:00:00+00:00,28.99,29.04,28.8,28.85,981641,3198,28.936227
2022-08-10 04:00:00+00:00,29.44,29.64,29.37,29.55,1253525,2677,29.488238
2022-08-11 04:00:00+00:00,29.7,29.78,29.525,29.56,1824730,3268,29.690799
2022-08-12 04:00:00+00:00,29.58,29.735,29.4991,29.73,459560,1192,29.597318
2022-08-15 04:00:00+00:00,29.43,29.57,29.42,29.55,452869,1259,29.522677
2022-08-16 04:00:00+00:00,29.38,29.64,29.38,29.6,581159,2243,29.530417
2022-08-17 04:00:00+00:00,29.33,29.51,29.2042,29.35,683613,2014,29.381255
2022-08-18 04:00:00+00:00,29.29,29.4,29.18,29.26,448227,1427,29.260335
2022-08-19 04:00:00+00:00,29.04,29.05,28.835,28.91,473601,1417,28.922362
2022-08-22 04:00:00+00:00,28.62,28.62,28.37,28.45,425330,1592,28.44674
2022-08-23 04:00:00+00:00,28.39,28.6671,28.34,28.47,481710,1917,28.496913
2022-08-24 04:00:00+00:00,28.34,28.56,28.32,28.45,400394,1740,28.446809
2022-08-25 04:00:00+00:00,28.5,28.76,28.48,28.75,368207,1349,28.634598
2022-08-26 04:00:00+00:00,28.72,28.7699,27.99,28.0,707698,2641,28.211377
2022-08-29 04:00:00+00:00,27.89,28.08,27.88,27.95,380763,1438,27.994298
2022-08-30 04:00:00+00:00,28.09,28.12,27.655,27.72,437808,1539,27.774179
2022-08-31 04:00:00+00:00,27.72,27.78,27.51,27.52,475436,1260,27.593516
2022-09-01 04:00:00+00:00,27.15,27.15,26.852,27.13,682799,2360,26.985107
2022-09-02 04:00:00+00:00,27.35,27.56,26.87,26.96,536599,2258,27.110867
2022-09-06 04:00:00+00:00,27.1,27.12,26.765,26.88,1149032,2663,26.862815
2022-09-07 04:00:00+00:00,26.7,27.11,26.68,27.11,599790,1849,26.968992
2022-09-08 04:00:00+00:00,26.76,27.1277,26.75,27.1,359069,1652,27.002774
2022-09-09 04:00:00+00:00,27.6,27.8,27.6,27.8,1024200,1789,27.728074
2022-09-12 04:00:00+00:00,28.14,28.3,28.11,28.18,984162,2391,28.234377
2022-09-13 04:00:00+00:00,27.66,27.82,27.215,27.25,577183,2297,27.490933
2022-09-14 04:00:00+00:00,27.28,27.44,27.18,27.33,461945,1924,27.344698
2022-09-15 04:00:00+00:00,27.11,27.33,27.005,27.05,1116313,2177,27.081934
2022-09-16 04:00:00+00:00,26.84,26.96,26.735,26.9,739151,2620,26.830168
2022-09-19 04:00:00+00:00,26.59,27.03,26.55,27.03,471040,2054,26.898086
2022-09-20 04:00:00+00:00,26.66,26.66,26.38,26.54,992808,2668,26.525813
2022-09-21 04:00:00+00:00,26.55,26.7,26.16,26.16,649706,2355,26.476626
2022-09-22 04:00:00+00:00,26.28,26.29,25.98,26.11,764905,2248,26.089877
2022-09-23 04:00:00+00:00,25.49,25.5,25.05,25.21,931724,2781,25.250349
2022-09-26 04:00:00+00:00,24.89,25.1,24.595,24.69,1057785,2396,24.733936
2022-09-27 04:00:00+00:00,24.84,24.99,24.47,24.59,1219188,3492,24.590277
2022-09-28 04:00:00+00:00,24.62,25.27,24.515,25.19,1534507,3609,25.071603
2022-09-29 04:00:00+00:00,24.8,24.92,24.53,24.89,752964,3071,24.802563
2022-09-30 04:00:00+00:00,24.8,25.1237,24.75,24.75,756102,2296,24.894704
2022-10-03 04:00:00+00:00,25.06,25.45,25.01,25.35,620238,2004,25.32701
2022-10-04 04:00:00+00:00,25.99,26.37,25.99,26.35,682945,2382,26.292643
2022-10-05 04:00:00+00:00,25.87,26.195,25.75,26.06,1447496,3467,26.068109
2022-10-06 04:00:00+00:00,25.77,25.87,25.55,25.58,1173677,3431,25.661795
2022-10-07 04:00:00+00:00,25.46,25.47,25.08,25.19,537243,1943,25.251643
2022-10-10 04:00:00+00:00,25.18,25.23,24.93,25.06,647708,2321,25.08573
2022-10-11 04:00:00+00:00,24.91,25.215,24.75,24.81,1144685,2857,24.993851
2022-10-12 04:00:00+00:00,24.72,24.84,24.67,24.68,2814404,4853,24.749415
2022-10-13 04:00:00+00:00,24.21,25.33,24.21,25.21,1769370,6100,25.019944
2022-10-14 04:00:00+00:00,25.39,25.44,24.81,24.84,1066570,3404,24.950202
2022-10-17 04:00:00+00:00,25.4,25.56,25.38,25.46,457574,2208,25.479281
2022-10-18 04:00:00+00:00,25.83,25.88,25.4383,25.66,1544125,3572,25.747776
2022-10-19 04:00:00+00:00,25.4,25.49,25.15,25.33,919228,3184,25.286203
2022-10-20 04:00:00+00:00,25.37,25.65,25.19,25.27,1036905,2591,25.422985
2022-10-21 04:00:00+00:00,25.03,25.7281,24.96,25.71,831200,3645,25.464743
2022-10-24 04:00:00+00:00,25.64,25.83,25.5092,25.78,1318869,3467,25.752012
2022-10-25 04:00:00+00:00,25.95,26.33,25.95,26.33,502062,2283,26.227156
2022-10-26 04:00:00+00:00,26.31,26.7537,26.27,26.55,396645,1837,26.614452
2022-10-27 04:00:00+00:00,26.5,26.68,26.33,26.33,1048722,2181,26.555684
2022-10-28 04:00:00+00:00,26.28,26.59,26.2314,26.58,665484,1968,26.446647
2022-10-31 04:00:00+00:00,26.3,26.39,26.28,26.32,486638,1585,26.329586
2022-11-01 04:00:00+00:00,26.82,26.83,26.41,26.5,671465,2112,26.534748
2022-11-02 04:00:00+00:00,26.51,26.88,26.1,26.1,660683,2587,26.427803
2022-11-03 04:00:00+00:00,25.75,26.01,25.75,25.9,1639145,2033,25.939434
2022-11-04 04:00:00+00:00,26.65,26.93,26.51,26.86,642688,2720,26.709488
2022-11-07 05:00:00+00:00,26.99,27.0957,26.88,27.0,846984,2048,27.008632
2022-11-08 05:00:00+00:00,27.16,27.44,27.1,27.27,805170,1896,27.297958
2022-11-09 05:00:00+00:00,27.11,27.285,26.86,26.86,1387900,3781,27.088976
2022-11-10 05:00:00+00:00,27.9198,28.32,27.78,28.29,879301,2750,28.125808
2022-11-11 05:00:00+00:00,28.55,28.89,28.46,28.82,728015,2776,28.706277
2022-11-14 05:00:00+00:00,28.63,28.8,28.5365,28.54,496531,1978,28.696914
2022-11-15 05:00:00+00:00,28.94,28.9562,28.4399,28.66,625195,1962,28.701765
2022-11-16 05:00:00+00:00,28.69,28.73,28.5201,28.6,497160,1866,28.617778
2022-11-17 05:00:00+00:00,28.22,28.58,28.22,28.55,269304,1044,28.446677
2022-11-18 05:00:00+00:00,28.7,28.7,28.54,28.61,429590,1913,28.611878
2022-11-21 05:00:00+00:00,28.41,28.47,28.29,28.44,393200,1326,28.40727
2022-11-22 05:00:00+00:00,28.61,28.87,28.61,28.87,260988,1210,28.77562
2022-11-23 05:00:00+00:00,28.92,29.21,28.91,29.18,348120,1345,29.085632
2022-11-25 05:00:00+00:00,29.22,29.385,29.22,29.35,101950,521,29.303717
2022-11-28 05:00:00+00:00,29.13,29.26,28.9001,28.91,282376,1255,29.09672
2022-11-29 05:00:00+00:00,28.96,29.12,28.9,28.98,516004,1766,28.996397
2022-11-30 05:00:00+00:00,29.2,29.56,28.92,29.5,392680,1639,29.24886
2022-12-01 05:00:00+00:00,29.78,29.82,29.56,29.65,377605,1602,29.687169
2022-12-02 05:00:00+00:00,29.44,29.77,29.44,29.65,279717,1172,29.635455
2022-12-05 05:00:00+00:00,29.58,29.65,29.2,29.21,562456,1697,29.299043
2022-12-06 05:00:00+00:00,29.28,29.35,28.965,29.05,390402,1904,29.076644
2022-12-07 05:00:00+00:00,29.14,29.22,29.0215,29.05,493346,1291,29.121611
2022-12-08 05:00:00+00:00,29.12,29.285,29.04,29.24,1190089,1797,29.233881
2022-12-09 05:00:00+00:00,29.28,29.4688,29.24,29.24,488640,1502,29.352152
2022-12-12 05:00:00+00:00,29.23,29.33,29.155,29.31,418575,1484,29.21866
2022-12-13 05:00:00+00:00,30.06,30.13,29.62,29.68,693120,2404,29.845448
2022-12-14 05:00:00+00:00,29.72,29.94,29.51,29.65,332975,1521,29.749541
2022-12-15 05:00:00+00:00,29.35,29.39,28.865,28.95,500435,2065,28.973834
2022-12-16 05:00:00+00:00,28.71,28.875,28.62,28.74,1155205,2088,28.716494
